Workbook

Sheet Summary
A1: Global population 2025 — by region, income level and age (millions)
A2: Source: World Bank WDI (population by 5-year age band & sex, updated 2026-07-01; income groups = World Bank FY2027 classification, regions = World Bank). All cells are SUMIFS on the Countries sheet.
A4: 1. By region
A5: Region | B5: 0-14 | C5: 15-24 | D5: 25-34 | E5: 35-44 | F5: 45-54 | G5: 55-64 | H5: 65+ | I5: Total | J5: % of world | K5: % 0-14 | L5: % 15-24 | M5: % 25-34 | N5: % 35-44 | O5: % 45-54 | P5: % 55-64 | Q5: % 65+ | R5: Countries
A6: East Asia & Pacific | B6: =SUMIFS(Countries!$X$5:$X$222,Countries!$C$5:$C$222,"East Asia & Pacific")/1000000 | C6: =SUMIFS(Countries!$Y$5:$Y$222,Countries!$C$5:$C$222,"East Asia & Pacific")/1000000 | D6: =SUMIFS(Countries!$Z$5:$Z$222,Countries!$C$5:$C$222,"East Asia & Pacific")/1000000 | E6: =SUMIFS(Countries!$AA$5:$AA$222,Countries!$C$5:$C$222,"East Asia & Pacific")/1000000 | F6: =SUMIFS(Countries!$AB$5:$AB$222,Countries!$C$5:$C$222,"East Asia & Pacific")/1000000 | G6: =SUMIFS(Countries!$AC$5:$AC$222,Countries!$C$5:$C$222,"East Asia & Pacific")/1000000 | H6: =SUMIFS(Countries!$AD$5:$AD$222,Countries!$C$5:$C$222,"East Asia & Pacific")/1000000 | I6: =SUM(B6:H6) | J6: =I6/I$13 | K6: =IF($I6>0,B6/$I6,0) | L6: =IF($I6>0,C6/$I6,0) | M6: =IF($I6>0,D6/$I6,0) | N6: =IF($I6>0,E6/$I6,0) | O6: =IF($I6>0,F6/$I6,0) | P6: =IF($I6>0,G6/$I6,0) | Q6: =IF($I6>0,H6/$I6,0) | R6: =COUNTIFS(Countries!$C$5:$C$222,"East Asia & Pacific")
A7: South Asia | B7: =SUMIFS(Countries!$X$5:$X$222,Countries!$C$5:$C$222,"South Asia")/1000000 | C7: =SUMIFS(Countries!$Y$5:$Y$222,Countries!$C$5:$C$222,"South Asia")/1000000 | D7: =SUMIFS(Countries!$Z$5:$Z$222,Countries!$C$5:$C$222,"South Asia")/1000000 | E7: =SUMIFS(Countries!$AA$5:$AA$222,Countries!$C$5:$C$222,"South Asia")/1000000 | F7: =SUMIFS(Countries!$AB$5:$AB$222,Countries!$C$5:$C$222,"South Asia")/1000000 | G7: =SUMIFS(Countries!$AC$5:$AC$222,Countries!$C$5:$C$222,"South Asia")/1000000 | H7: =SUMIFS(Countries!$AD$5:$AD$222,Countries!$C$5:$C$222,"South Asia")/1000000 | I7: =SUM(B7:H7) | J7: =I7/I$13 | K7: =IF($I7>0,B7/$I7,0) | L7: =IF($I7>0,C7/$I7,0) | M7: =IF($I7>0,D7/$I7,0) | N7: =IF($I7>0,E7/$I7,0) | O7: =IF($I7>0,F7/$I7,0) | P7: =IF($I7>0,G7/$I7,0) | Q7: =IF($I7>0,H7/$I7,0) | R7: =COUNTIFS(Countries!$C$5:$C$222,"South Asia")
A8: Sub-Saharan Africa | B8: =SUMIFS(Countries!$X$5:$X$222,Countries!$C$5:$C$222,"Sub-Saharan Africa")/1000000 | C8: =SUMIFS(Countries!$Y$5:$Y$222,Countries!$C$5:$C$222,"Sub-Saharan Africa")/1000000 | D8: =SUMIFS(Countries!$Z$5:$Z$222,Countries!$C$5:$C$222,"Sub-Saharan Africa")/1000000 | E8: =SUMIFS(Countries!$AA$5:$AA$222,Countries!$C$5:$C$222,"Sub-Saharan Africa")/1000000 | F8: =SUMIFS(Countries!$AB$5:$AB$222,Countries!$C$5:$C$222,"Sub-Saharan Africa")/1000000 | G8: =SUMIFS(Countries!$AC$5:$AC$222,Countries!$C$5:$C$222,"Sub-Saharan Africa")/1000000 | H8: =SUMIFS(Countries!$AD$5:$AD$222,Countries!$C$5:$C$222,"Sub-Saharan Africa")/1000000 | I8: =SUM(B8:H8) | J8: =I8/I$13 | K8: =IF($I8>0,B8/$I8,0) | L8: =IF($I8>0,C8/$I8,0) | M8: =IF($I8>0,D8/$I8,0) | N8: =IF($I8>0,E8/$I8,0) | O8: =IF($I8>0,F8/$I8,0) | P8: =IF($I8>0,G8/$I8,0) | Q8: =IF($I8>0,H8/$I8,0) | R8: =COUNTIFS(Countries!$C$5:$C$222,"Sub-Saharan Africa")
A9: Europe & Central Asia | B9: =SUMIFS(Countries!$X$5:$X$222,Countries!$C$5:$C$222,"Europe & Central Asia")/1000000 | C9: =SUMIFS(Countries!$Y$5:$Y$222,Countries!$C$5:$C$222,"Europe & Central Asia")/1000000 | D9: =SUMIFS(Countries!$Z$5:$Z$222,Countries!$C$5:$C$222,"Europe & Central Asia")/1000000 | E9: =SUMIFS(Countries!$AA$5:$AA$222,Countries!$C$5:$C$222,"Europe & Central Asia")/1000000 | F9: =SUMIFS(Countries!$AB$5:$AB$222,Countries!$C$5:$C$222,"Europe & Central Asia")/1000000 | G9: =SUMIFS(Countries!$AC$5:$AC$222,Countries!$C$5:$C$222,"Europe & Central Asia")/1000000 | H9: =SUMIFS(Countries!$AD$5:$AD$222,Countries!$C$5:$C$222,"Europe & Central Asia")/1000000 | I9: =SUM(B9:H9) | J9: =I9/I$13 | K9: =IF($I9>0,B9/$I9,0) | L9: =IF($I9>0,C9/$I9,0) | M9: =IF($I9>0,D9/$I9,0) | N9: =IF($I9>0,E9/$I9,0) | O9: =IF($I9>0,F9/$I9,0) | P9: =IF($I9>0,G9/$I9,0) | Q9: =IF($I9>0,H9/$I9,0) | R9: =COUNTIFS(Countries!$C$5:$C$222,"Europe & Central Asia")
A10: Middle East, North Africa, Afghanistan & Pakistan | B10: =SUMIFS(Countries!$X$5:$X$222,Countries!$C$5:$C$222,"Middle East, North Africa, Afghanistan & Pakistan")/1000000 | C10: =SUMIFS(Countries!$Y$5:$Y$222,Countries!$C$5:$C$222,"Middle East, North Africa, Afghanistan & Pakistan")/1000000 | D10: =SUMIFS(Countries!$Z$5:$Z$222,Countries!$C$5:$C$222,"Middle East, North Africa, Afghanistan & Pakistan")/1000000 | E10: =SUMIFS(Countries!$AA$5:$AA$222,Countries!$C$5:$C$222,"Middle East, North Africa, Afghanistan & Pakistan")/1000000 | F10: =SUMIFS(Countries!$AB$5:$AB$222,Countries!$C$5:$C$222,"Middle East, North Africa, Afghanistan & Pakistan")/1000000 | G10: =SUMIFS(Countries!$AC$5:$AC$222,Countries!$C$5:$C$222,"Middle East, North Africa, Afghanistan & Pakistan")/1000000 | H10: =SUMIFS(Countries!$AD$5:$AD$222,Countries!$C$5:$C$222,"Middle East, North Africa, Afghanistan & Pakistan")/1000000 | I10: =SUM(B10:H10) | J10: =I10/I$13 | K10: =IF($I10>0,B10/$I10,0) | L10: =IF($I10>0,C10/$I10,0) | M10: =IF($I10>0,D10/$I10,0) | N10: =IF($I10>0,E10/$I10,0) | O10: =IF($I10>0,F10/$I10,0) | P10: =IF($I10>0,G10/$I10,0) | Q10: =IF($I10>0,H10/$I10,0) | R10: =COUNTIFS(Countries!$C$5:$C$222,"Middle East, North Africa, Afghanistan & Pakistan")
A11: Latin America & Caribbean | B11: =SUMIFS(Countries!$X$5:$X$222,Countries!$C$5:$C$222,"Latin America & Caribbean")/1000000 | C11: =SUMIFS(Countries!$Y$5:$Y$222,Countries!$C$5:$C$222,"Latin America & Caribbean")/1000000 | D11: =SUMIFS(Countries!$Z$5:$Z$222,Countries!$C$5:$C$222,"Latin America & Caribbean")/1000000 | E11: =SUMIFS(Countries!$AA$5:$AA$222,Countries!$C$5:$C$222,"Latin America & Caribbean")/1000000 | F11: =SUMIFS(Countries!$AB$5:$AB$222,Countries!$C$5:$C$222,"Latin America & Caribbean")/1000000 | G11: =SUMIFS(Countries!$AC$5:$AC$222,Countries!$C$5:$C$222,"Latin America & Caribbean")/1000000 | H11: =SUMIFS(Countries!$AD$5:$AD$222,Countries!$C$5:$C$222,"Latin America & Caribbean")/1000000 | I11: =SUM(B11:H11) | J11: =I11/I$13 | K11: =IF($I11>0,B11/$I11,0) | L11: =IF($I11>0,C11/$I11,0) | M11: =IF($I11>0,D11/$I11,0) | N11: =IF($I11>0,E11/$I11,0) | O11: =IF($I11>0,F11/$I11,0) | P11: =IF($I11>0,G11/$I11,0) | Q11: =IF($I11>0,H11/$I11,0) | R11: =COUNTIFS(Countries!$C$5:$C$222,"Latin America & Caribbean")
A12: North America | B12: =SUMIFS(Countries!$X$5:$X$222,Countries!$C$5:$C$222,"North America")/1000000 | C12: =SUMIFS(Countries!$Y$5:$Y$222,Countries!$C$5:$C$222,"North America")/1000000 | D12: =SUMIFS(Countries!$Z$5:$Z$222,Countries!$C$5:$C$222,"North America")/1000000 | E12: =SUMIFS(Countries!$AA$5:$AA$222,Countries!$C$5:$C$222,"North America")/1000000 | F12: =SUMIFS(Countries!$AB$5:$AB$222,Countries!$C$5:$C$222,"North America")/1000000 | G12: =SUMIFS(Countries!$AC$5:$AC$222,Countries!$C$5:$C$222,"North America")/1000000 | H12: =SUMIFS(Countries!$AD$5:$AD$222,Countries!$C$5:$C$222,"North America")/1000000 | I12: =SUM(B12:H12) | J12: =I12/I$13 | K12: =IF($I12>0,B12/$I12,0) | L12: =IF($I12>0,C12/$I12,0) | M12: =IF($I12>0,D12/$I12,0) | N12: =IF($I12>0,E12/$I12,0) | O12: =IF($I12>0,F12/$I12,0) | P12: =IF($I12>0,G12/$I12,0) | Q12: =IF($I12>0,H12/$I12,0) | R12: =COUNTIFS(Countries!$C$5:$C$222,"North America")
A13: World | B13: =SUM(B6:B12) | C13: =SUM(C6:C12) | D13: =SUM(D6:D12) | E13: =SUM(E6:E12) | F13: =SUM(F6:F12) | G13: =SUM(G6:G12) | H13: =SUM(H6:H12) | I13: =SUM(I6:I12) | J13: =SUM(J6:J12) | K13: =B13/$I13 | L13: =C13/$I13 | M13: =D13/$I13 | N13: =E13/$I13 | O13: =F13/$I13 | P13: =G13/$I13 | Q13: =H13/$I13 | R13: =SUM(R6:R12)
A15: 2. By income level
A16: Income level | B16: 0-14 | C16: 15-24 | D16: 25-34 | E16: 35-44 | F16: 45-54 | G16: 55-64 | H16: 65+ | I16: Total | J16: % of world | K16: % 0-14 | L16: % 15-24 | M16: % 25-34 | N16: % 35-44 | O16: % 45-54 | P16: % 55-64 | Q16: % 65+ | R16: Countries
A17: High income | B17: =SUMIFS(Countries!$X$5:$X$222,Countries!$D$5:$D$222,"High income")/1000000 | C17: =SUMIFS(Countries!$Y$5:$Y$222,Countries!$D$5:$D$222,"High income")/1000000 | D17: =SUMIFS(Countries!$Z$5:$Z$222,Countries!$D$5:$D$222,"High income")/1000000 | E17: =SUMIFS(Countries!$AA$5:$AA$222,Countries!$D$5:$D$222,"High income")/1000000 | F17: =SUMIFS(Countries!$AB$5:$AB$222,Countries!$D$5:$D$222,"High income")/1000000 | G17: =SUMIFS(Countries!$AC$5:$AC$222,Countries!$D$5:$D$222,"High income")/1000000 | H17: =SUMIFS(Countries!$AD$5:$AD$222,Countries!$D$5:$D$222,"High income")/1000000 | I17: =SUM(B17:H17) | J17: =I17/I$21 | K17: =IF($I17>0,B17/$I17,0) | L17: =IF($I17>0,C17/$I17,0) | M17: =IF($I17>0,D17/$I17,0) | N17: =IF($I17>0,E17/$I17,0) | O17: =IF($I17>0,F17/$I17,0) | P17: =IF($I17>0,G17/$I17,0) | Q17: =IF($I17>0,H17/$I17,0) | R17: =COUNTIFS(Countries!$D$5:$D$222,"High income")
A18: Upper middle income | B18: =SUMIFS(Countries!$X$5:$X$222,Countries!$D$5:$D$222,"Upper middle income")/1000000 | C18: =SUMIFS(Countries!$Y$5:$Y$222,Countries!$D$5:$D$222,"Upper middle income")/1000000 | D18: =SUMIFS(Countries!$Z$5:$Z$222,Countries!$D$5:$D$222,"Upper middle income")/1000000 | E18: =SUMIFS(Countries!$AA$5:$AA$222,Countries!$D$5:$D$222,"Upper middle income")/1000000 | F18: =SUMIFS(Countries!$AB$5:$AB$222,Countries!$D$5:$D$222,"Upper middle income")/1000000 | G18: =SUMIFS(Countries!$AC$5:$AC$222,Countries!$D$5:$D$222,"Upper middle income")/1000000 | H18: =SUMIFS(Countries!$AD$5:$AD$222,Countries!$D$5:$D$222,"Upper middle income")/1000000 | I18: =SUM(B18:H18) | J18: =I18/I$21 | K18: =IF($I18>0,B18/$I18,0) | L18: =IF($I18>0,C18/$I18,0) | M18: =IF($I18>0,D18/$I18,0) | N18: =IF($I18>0,E18/$I18,0) | O18: =IF($I18>0,F18/$I18,0) | P18: =IF($I18>0,G18/$I18,0) | Q18: =IF($I18>0,H18/$I18,0) | R18: =COUNTIFS(Countries!$D$5:$D$222,"Upper middle income")
A19: Lower middle income | B19: =SUMIFS(Countries!$X$5:$X$222,Countries!$D$5:$D$222,"Lower middle income")/1000000 | C19: =SUMIFS(Countries!$Y$5:$Y$222,Countries!$D$5:$D$222,"Lower middle income")/1000000 | D19: =SUMIFS(Countries!$Z$5:$Z$222,Countries!$D$5:$D$222,"Lower middle income")/1000000 | E19: =SUMIFS(Countries!$AA$5:$AA$222,Countries!$D$5:$D$222,"Lower middle income")/1000000 | F19: =SUMIFS(Countries!$AB$5:$AB$222,Countries!$D$5:$D$222,"Lower middle income")/1000000 | G19: =SUMIFS(Countries!$AC$5:$AC$222,Countries!$D$5:$D$222,"Lower middle income")/1000000 | H19: =SUMIFS(Countries!$AD$5:$AD$222,Countries!$D$5:$D$222,"Lower middle income")/1000000 | I19: =SUM(B19:H19) | J19: =I19/I$21 | K19: =IF($I19>0,B19/$I19,0) | L19: =IF($I19>0,C19/$I19,0) | M19: =IF($I19>0,D19/$I19,0) | N19: =IF($I19>0,E19/$I19,0) | O19: =IF($I19>0,F19/$I19,0) | P19: =IF($I19>0,G19/$I19,0) | Q19: =IF($I19>0,H19/$I19,0) | R19: =COUNTIFS(Countries!$D$5:$D$222,"Lower middle income")
A20: Low income | B20: =SUMIFS(Countries!$X$5:$X$222,Countries!$D$5:$D$222,"Low income")/1000000 | C20: =SUMIFS(Countries!$Y$5:$Y$222,Countries!$D$5:$D$222,"Low income")/1000000 | D20: =SUMIFS(Countries!$Z$5:$Z$222,Countries!$D$5:$D$222,"Low income")/1000000 | E20: =SUMIFS(Countries!$AA$5:$AA$222,Countries!$D$5:$D$222,"Low income")/1000000 | F20: =SUMIFS(Countries!$AB$5:$AB$222,Countries!$D$5:$D$222,"Low income")/1000000 | G20: =SUMIFS(Countries!$AC$5:$AC$222,Countries!$D$5:$D$222,"Low income")/1000000 | H20: =SUMIFS(Countries!$AD$5:$AD$222,Countries!$D$5:$D$222,"Low income")/1000000 | I20: =SUM(B20:H20) | J20: =I20/I$21 | K20: =IF($I20>0,B20/$I20,0) | L20: =IF($I20>0,C20/$I20,0) | M20: =IF($I20>0,D20/$I20,0) | N20: =IF($I20>0,E20/$I20,0) | O20: =IF($I20>0,F20/$I20,0) | P20: =IF($I20>0,G20/$I20,0) | Q20: =IF($I20>0,H20/$I20,0) | R20: =COUNTIFS(Countries!$D$5:$D$222,"Low income")
A21: World | B21: =SUM(B17:B20) | C21: =SUM(C17:C20) | D21: =SUM(D17:D20) | E21: =SUM(E17:E20) | F21: =SUM(F17:F20) | G21: =SUM(G17:G20) | H21: =SUM(H17:H20) | I21: =SUM(I17:I20) | J21: =SUM(J17:J20) | K21: =B21/$I21 | L21: =C21/$I21 | M21: =D21/$I21 | N21: =E21/$I21 | O21: =F21/$I21 | P21: =G21/$I21 | Q21: =H21/$I21 | R21: =SUM(R17:R20)
A23: 3. Region x income level (millions)
A24: Region | B24: High income | C24: Upper middle income | D24: Lower middle income | E24: Low income | F24: Total | G24: % High income | H24: % Upper middle income | I24: % Lower middle income | J24: % Low income
A25: East Asia & Pacific | B25: =SUMIFS(Countries!$AE$5:$AE$222,Countries!$C$5:$C$222,"East Asia & Pacific",Countries!$D$5:$D$222,"High income")/1000000 | C25: =SUMIFS(Countries!$AE$5:$AE$222,Countries!$C$5:$C$222,"East Asia & Pacific",Countries!$D$5:$D$222,"Upper middle income")/1000000 | D25: =SUMIFS(Countries!$AE$5:$AE$222,Countries!$C$5:$C$222,"East Asia & Pacific",Countries!$D$5:$D$222,"Lower middle income")/1000000 | E25: =SUMIFS(Countries!$AE$5:$AE$222,Countries!$C$5:$C$222,"East Asia & Pacific",Countries!$D$5:$D$222,"Low income")/1000000 | F25: =SUM(B25:E25) | G25: =IF($F25>0,B25/$F25,0) | H25: =IF($F25>0,C25/$F25,0) | I25: =IF($F25>0,D25/$F25,0) | J25: =IF($F25>0,E25/$F25,0)
A26: South Asia | B26: =SUMIFS(Countries!$AE$5:$AE$222,Countries!$C$5:$C$222,"South Asia",Countries!$D$5:$D$222,"High income")/1000000 | C26: =SUMIFS(Countries!$AE$5:$AE$222,Countries!$C$5:$C$222,"South Asia",Countries!$D$5:$D$222,"Upper middle income")/1000000 | D26: =SUMIFS(Countries!$AE$5:$AE$222,Countries!$C$5:$C$222,"South Asia",Countries!$D$5:$D$222,"Lower middle income")/1000000 | E26: =SUMIFS(Countries!$AE$5:$AE$222,Countries!$C$5:$C$222,"South Asia",Countries!$D$5:$D$222,"Low income")/1000000 | F26: =SUM(B26:E26) | G26: =IF($F26>0,B26/$F26,0) | H26: =IF($F26>0,C26/$F26,0) | I26: =IF($F26>0,D26/$F26,0) | J26: =IF($F26>0,E26/$F26,0)
A27: Sub-Saharan Africa | B27: =SUMIFS(Countries!$AE$5:$AE$222,Countries!$C$5:$C$222,"Sub-Saharan Africa",Countries!$D$5:$D$222,"High income")/1000000 | C27: =SUMIFS(Countries!$AE$5:$AE$222,Countries!$C$5:$C$222,"Sub-Saharan Africa",Countries!$D$5:$D$222,"Upper middle income")/1000000 | D27: =SUMIFS(Countries!$AE$5:$AE$222,Countries!$C$5:$C$222,"Sub-Saharan Africa",Countries!$D$5:$D$222,"Lower middle income")/1000000 | E27: =SUMIFS(Countries!$AE$5:$AE$222,Countries!$C$5:$C$222,"Sub-Saharan Africa",Countries!$D$5:$D$222,"Low income")/1000000 | F27: =SUM(B27:E27) | G27: =IF($F27>0,B27/$F27,0) | H27: =IF($F27>0,C27/$F27,0) | I27: =IF($F27>0,D27/$F27,0) | J27: =IF($F27>0,E27/$F27,0)
A28: Europe & Central Asia | B28: =SUMIFS(Countries!$AE$5:$AE$222,Countries!$C$5:$C$222,"Europe & Central Asia",Countries!$D$5:$D$222,"High income")/1000000 | C28: =SUMIFS(Countries!$AE$5:$AE$222,Countries!$C$5:$C$222,"Europe & Central Asia",Countries!$D$5:$D$222,"Upper middle income")/1000000 | D28: =SUMIFS(Countries!$AE$5:$AE$222,Countries!$C$5:$C$222,"Europe & Central Asia",Countries!$D$5:$D$222,"Lower middle income")/1000000 | E28: =SUMIFS(Countries!$AE$5:$AE$222,Countries!$C$5:$C$222,"Europe & Central Asia",Countries!$D$5:$D$222,"Low income")/1000000 | F28: =SUM(B28:E28) | G28: =IF($F28>0,B28/$F28,0) | H28: =IF($F28>0,C28/$F28,0) | I28: =IF($F28>0,D28/$F28,0) | J28: =IF($F28>0,E28/$F28,0)
A29: Middle East, North Africa, Afghanistan & Pakistan | B29: =SUMIFS(Countries!$AE$5:$AE$222,Countries!$C$5:$C$222,"Middle East, North Africa, Afghanistan & Pakistan",Countries!$D$5:$D$222,"High income")/1000000 | C29: =SUMIFS(Countries!$AE$5:$AE$222,Countries!$C$5:$C$222,"Middle East, North Africa, Afghanistan & Pakistan",Countries!$D$5:$D$222,"Upper middle income")/1000000 | D29: =SUMIFS(Countries!$AE$5:$AE$222,Countries!$C$5:$C$222,"Middle East, North Africa, Afghanistan & Pakistan",Countries!$D$5:$D$222,"Lower middle income")/1000000 | E29: =SUMIFS(Countries!$AE$5:$AE$222,Countries!$C$5:$C$222,"Middle East, North Africa, Afghanistan & Pakistan",Countries!$D$5:$D$222,"Low income")/1000000 | F29: =SUM(B29:E29) | G29: =IF($F29>0,B29/$F29,0) | H29: =IF($F29>0,C29/$F29,0) | I29: =IF($F29>0,D29/$F29,0) | J29: =IF($F29>0,E29/$F29,0)
A30: Latin America & Caribbean | B30: =SUMIFS(Countries!$AE$5:$AE$222,Countries!$C$5:$C$222,"Latin America & Caribbean",Countries!$D$5:$D$222,"High income")/1000000 | C30: =SUMIFS(Countries!$AE$5:$AE$222,Countries!$C$5:$C$222,"Latin America & Caribbean",Countries!$D$5:$D$222,"Upper middle income")/1000000 | D30: =SUMIFS(Countries!$AE$5:$AE$222,Countries!$C$5:$C$222,"Latin America & Caribbean",Countries!$D$5:$D$222,"Lower middle income")/1000000 | E30: =SUMIFS(Countries!$AE$5:$AE$222,Countries!$C$5:$C$222,"Latin America & Caribbean",Countries!$D$5:$D$222,"Low income")/1000000 | F30: =SUM(B30:E30) | G30: =IF($F30>0,B30/$F30,0) | H30: =IF($F30>0,C30/$F30,0) | I30: =IF($F30>0,D30/$F30,0) | J30: =IF($F30>0,E30/$F30,0)
A31: North America | B31: =SUMIFS(Countries!$AE$5:$AE$222,Countries!$C$5:$C$222,"North America",Countries!$D$5:$D$222,"High income")/1000000 | C31: =SUMIFS(Countries!$AE$5:$AE$222,Countries!$C$5:$C$222,"North America",Countries!$D$5:$D$222,"Upper middle income")/1000000 | D31: =SUMIFS(Countries!$AE$5:$AE$222,Countries!$C$5:$C$222,"North America",Countries!$D$5:$D$222,"Lower middle income")/1000000 | E31: =SUMIFS(Countries!$AE$5:$AE$222,Countries!$C$5:$C$222,"North America",Countries!$D$5:$D$222,"Low income")/1000000 | F31: =SUM(B31:E31) | G31: =IF($F31>0,B31/$F31,0) | H31: =IF($F31>0,C31/$F31,0) | I31: =IF($F31>0,D31/$F31,0) | J31: =IF($F31>0,E31/$F31,0)
A32: World | B32: =SUM(B25:B31) | C32: =SUM(C25:C31) | D32: =SUM(D25:D31) | E32: =SUM(E25:E31) | F32: =SUM(F25:F31) | G32: =B32/$F32 | H32: =C32/$F32 | I32: =D32/$F32 | J32: =E32/$F32
A34: 4. Region x income level x age (millions) — every non-empty cell
A35: Region | B35: Income level | C35: 0-14 | D35: 15-24 | E35: 25-34 | F35: 35-44 | G35: 45-54 | H35: 55-64 | I35: 65+ | J35: Total | K35: Countries
A36: East Asia & Pacific | B36: High income | C36: =SUMIFS(Countries!$X$5:$X$222,Countries!$C$5:$C$222,"East Asia & Pacific",Countries!$D$5:$D$222,"High income")/1000000 | D36: =SUMIFS(Countries!$Y$5:$Y$222,Countries!$C$5:$C$222,"East Asia & Pacific",Countries!$D$5:$D$222,"High income")/1000000 | E36: =SUMIFS(Countries!$Z$5:$Z$222,Countries!$C$5:$C$222,"East Asia & Pacific",Countries!$D$5:$D$222,"High income")/1000000 | F36: =SUMIFS(Countries!$AA$5:$AA$222,Countries!$C$5:$C$222,"East Asia & Pacific",Countries!$D$5:$D$222,"High income")/1000000 | G36: =SUMIFS(Countries!$AB$5:$AB$222,Countries!$C$5:$C$222,"East Asia & Pacific",Countries!$D$5:$D$222,"High income")/1000000 | H36: =SUMIFS(Countries!$AC$5:$AC$222,Countries!$C$5:$C$222,"East Asia & Pacific",Countries!$D$5:$D$222,"High income")/1000000 | I36: =SUMIFS(Countries!$AD$5:$AD$222,Countries!$C$5:$C$222,"East Asia & Pacific",Countries!$D$5:$D$222,"High income")/1000000 | J36: =SUM(C36:I36) | K36: =COUNTIFS(Countries!$C$5:$C$222,"East Asia & Pacific",Countries!$D$5:$D$222,"High income")
A37: East Asia & Pacific | B37: Upper middle income | C37: =SUMIFS(Countries!$X$5:$X$222,Countries!$C$5:$C$222,"East Asia & Pacific",Countries!$D$5:$D$222,"Upper middle income")/1000000 | D37: =SUMIFS(Countries!$Y$5:$Y$222,Countries!$C$5:$C$222,"East Asia & Pacific",Countries!$D$5:$D$222,"Upper middle income")/1000000 | E37: =SUMIFS(Countries!$Z$5:$Z$222,Countries!$C$5:$C$222,"East Asia & Pacific",Countries!$D$5:$D$222,"Upper middle income")/1000000 | F37: =SUMIFS(Countries!$AA$5:$AA$222,Countries!$C$5:$C$222,"East Asia & Pacific",Countries!$D$5:$D$222,"Upper middle income")/1000000 | G37: =SUMIFS(Countries!$AB$5:$AB$222,Countries!$C$5:$C$222,"East Asia & Pacific",Countries!$D$5:$D$222,"Upper middle income")/1000000 | H37: =SUMIFS(Countries!$AC$5:$AC$222,Countries!$C$5:$C$222,"East Asia & Pacific",Countries!$D$5:$D$222,"Upper middle income")/1000000 | I37: =SUMIFS(Countries!$AD$5:$AD$222,Countries!$C$5:$C$222,"East Asia & Pacific",Countries!$D$5:$D$222,"Upper middle income")/1000000 | J37: =SUM(C37:I37) | K37: =COUNTIFS(Countries!$C$5:$C$222,"East Asia & Pacific",Countries!$D$5:$D$222,"Upper middle income")
A38: East Asia & Pacific | B38: Lower middle income | C38: =SUMIFS(Countries!$X$5:$X$222,Countries!$C$5:$C$222,"East Asia & Pacific",Countries!$D$5:$D$222,"Lower middle income")/1000000 | D38: =SUMIFS(Countries!$Y$5:$Y$222,Countries!$C$5:$C$222,"East Asia & Pacific",Countries!$D$5:$D$222,"Lower middle income")/1000000 | E38: =SUMIFS(Countries!$Z$5:$Z$222,Countries!$C$5:$C$222,"East Asia & Pacific",Countries!$D$5:$D$222,"Lower middle income")/1000000 | F38: =SUMIFS(Countries!$AA$5:$AA$222,Countries!$C$5:$C$222,"East Asia & Pacific",Countries!$D$5:$D$222,"Lower middle income")/1000000 | G38: =SUMIFS(Countries!$AB$5:$AB$222,Countries!$C$5:$C$222,"East Asia & Pacific",Countries!$D$5:$D$222,"Lower middle income")/1000000 | H38: =SUMIFS(Countries!$AC$5:$AC$222,Countries!$C$5:$C$222,"East Asia & Pacific",Countries!$D$5:$D$222,"Lower middle income")/1000000 | I38: =SUMIFS(Countries!$AD$5:$AD$222,Countries!$C$5:$C$222,"East Asia & Pacific",Countries!$D$5:$D$222,"Lower middle income")/1000000 | J38: =SUM(C38:I38) | K38: =COUNTIFS(Countries!$C$5:$C$222,"East Asia & Pacific",Countries!$D$5:$D$222,"Lower middle income")
A39: East Asia & Pacific | B39: Low income | C39: =SUMIFS(Countries!$X$5:$X$222,Countries!$C$5:$C$222,"East Asia & Pacific",Countries!$D$5:$D$222,"Low income")/1000000 | D39: =SUMIFS(Countries!$Y$5:$Y$222,Countries!$C$5:$C$222,"East Asia & Pacific",Countries!$D$5:$D$222,"Low income")/1000000 | E39: =SUMIFS(Countries!$Z$5:$Z$222,Countries!$C$5:$C$222,"East Asia & Pacific",Countries!$D$5:$D$222,"Low income")/1000000 | F39: =SUMIFS(Countries!$AA$5:$AA$222,Countries!$C$5:$C$222,"East Asia & Pacific",Countries!$D$5:$D$222,"Low income")/1000000 | G39: =SUMIFS(Countries!$AB$5:$AB$222,Countries!$C$5:$C$222,"East Asia & Pacific",Countries!$D$5:$D$222,"Low income")/1000000 | H39: =SUMIFS(Countries!$AC$5:$AC$222,Countries!$C$5:$C$222,"East Asia & Pacific",Countries!$D$5:$D$222,"Low income")/1000000 | I39: =SUMIFS(Countries!$AD$5:$AD$222,Countries!$C$5:$C$222,"East Asia & Pacific",Countries!$D$5:$D$222,"Low income")/1000000 | J39: =SUM(C39:I39) | K39: =COUNTIFS(Countries!$C$5:$C$222,"East Asia & Pacific",Countries!$D$5:$D$222,"Low income")
A40: South Asia | B40: Upper middle income | C40: =SUMIFS(Countries!$X$5:$X$222,Countries!$C$5:$C$222,"South Asia",Countries!$D$5:$D$222,"Upper middle income")/1000000 | D40: =SUMIFS(Countries!$Y$5:$Y$222,Countries!$C$5:$C$222,"South Asia",Countries!$D$5:$D$222,"Upper middle income")/1000000 | E40: =SUMIFS(Countries!$Z$5:$Z$222,Countries!$C$5:$C$222,"South Asia",Countries!$D$5:$D$222,"Upper middle income")/1000000 | F40: =SUMIFS(Countries!$AA$5:$AA$222,Countries!$C$5:$C$222,"South Asia",Countries!$D$5:$D$222,"Upper middle income")/1000000 | G40: =SUMIFS(Countries!$AB$5:$AB$222,Countries!$C$5:$C$222,"South Asia",Countries!$D$5:$D$222,"Upper middle income")/1000000 | H40: =SUMIFS(Countries!$AC$5:$AC$222,Countries!$C$5:$C$222,"South Asia",Countries!$D$5:$D$222,"Upper middle income")/1000000 | I40: =SUMIFS(Countries!$AD$5:$AD$222,Countries!$C$5:$C$222,"South Asia",Countries!$D$5:$D$222,"Upper middle income")/1000000 | J40: =SUM(C40:I40) | K40: =COUNTIFS(Countries!$C$5:$C$222,"South Asia",Countries!$D$5:$D$222,"Upper middle income")
A41: South Asia | B41: Lower middle income | C41: =SUMIFS(Countries!$X$5:$X$222,Countries!$C$5:$C$222,"South Asia",Countries!$D$5:$D$222,"Lower middle income")/1000000 | D41: =SUMIFS(Countries!$Y$5:$Y$222,Countries!$C$5:$C$222,"South Asia",Countries!$D$5:$D$222,"Lower middle income")/1000000 | E41: =SUMIFS(Countries!$Z$5:$Z$222,Countries!$C$5:$C$222,"South Asia",Countries!$D$5:$D$222,"Lower middle income")/1000000 | F41: =SUMIFS(Countries!$AA$5:$AA$222,Countries!$C$5:$C$222,"South Asia",Countries!$D$5:$D$222,"Lower middle income")/1000000 | G41: =SUMIFS(Countries!$AB$5:$AB$222,Countries!$C$5:$C$222,"South Asia",Countries!$D$5:$D$222,"Lower middle income")/1000000 | H41: =SUMIFS(Countries!$AC$5:$AC$222,Countries!$C$5:$C$222,"South Asia",Countries!$D$5:$D$222,"Lower middle income")/1000000 | I41: =SUMIFS(Countries!$AD$5:$AD$222,Countries!$C$5:$C$222,"South Asia",Countries!$D$5:$D$222,"Lower middle income")/1000000 | J41: =SUM(C41:I41) | K41: =COUNTIFS(Countries!$C$5:$C$222,"South Asia",Countries!$D$5:$D$222,"Lower middle income")
A42: Sub-Saharan Africa | B42: High income | C42: =SUMIFS(Countries!$X$5:$X$222,Countries!$C$5:$C$222,"Sub-Saharan Africa",Countries!$D$5:$D$222,"High income")/1000000 | D42: =SUMIFS(Countries!$Y$5:$Y$222,Countries!$C$5:$C$222,"Sub-Saharan Africa",Countries!$D$5:$D$222,"High income")/1000000 | E42: =SUMIFS(Countries!$Z$5:$Z$222,Countries!$C$5:$C$222,"Sub-Saharan Africa",Countries!$D$5:$D$222,"High income")/1000000 | F42: =SUMIFS(Countries!$AA$5:$AA$222,Countries!$C$5:$C$222,"Sub-Saharan Africa",Countries!$D$5:$D$222,"High income")/1000000 | G42: =SUMIFS(Countries!$AB$5:$AB$222,Countries!$C$5:$C$222,"Sub-Saharan Africa",Countries!$D$5:$D$222,"High income")/1000000 | H42: =SUMIFS(Countries!$AC$5:$AC$222,Countries!$C$5:$C$222,"Sub-Saharan Africa",Countries!$D$5:$D$222,"High income")/1000000 | I42: =SUMIFS(Countries!$AD$5:$AD$222,Countries!$C$5:$C$222,"Sub-Saharan Africa",Countries!$D$5:$D$222,"High income")/1000000 | J42: =SUM(C42:I42) | K42: =COUNTIFS(Countries!$C$5:$C$222,"Sub-Saharan Africa",Countries!$D$5:$D$222,"High income")
A43: Sub-Saharan Africa | B43: Upper middle income | C43: =SUMIFS(Countries!$X$5:$X$222,Countries!$C$5:$C$222,"Sub-Saharan Africa",Countries!$D$5:$D$222,"Upper middle income")/1000000 | D43: =SUMIFS(Countries!$Y$5:$Y$222,Countries!$C$5:$C$222,"Sub-Saharan Africa",Countries!$D$5:$D$222,"Upper middle income")/1000000 | E43: =SUMIFS(Countries!$Z$5:$Z$222,Countries!$C$5:$C$222,"Sub-Saharan Africa",Countries!$D$5:$D$222,"Upper middle income")/1000000 | F43: =SUMIFS(Countries!$AA$5:$AA$222,Countries!$C$5:$C$222,"Sub-Saharan Africa",Countries!$D$5:$D$222,"Upper middle income")/1000000 | G43: =SUMIFS(Countries!$AB$5:$AB$222,Countries!$C$5:$C$222,"Sub-Saharan Africa",Countries!$D$5:$D$222,"Upper middle income")/1000000 | H43: =SUMIFS(Countries!$AC$5:$AC$222,Countries!$C$5:$C$222,"Sub-Saharan Africa",Countries!$D$5:$D$222,"Upper middle income")/1000000 | I43: =SUMIFS(Countries!$AD$5:$AD$222,Countries!$C$5:$C$222,"Sub-Saharan Africa",Countries!$D$5:$D$222,"Upper middle income")/1000000 | J43: =SUM(C43:I43) | K43: =COUNTIFS(Countries!$C$5:$C$222,"Sub-Saharan Africa",Countries!$D$5:$D$222,"Upper middle income")
A44: Sub-Saharan Africa | B44: Lower middle income | C44: =SUMIFS(Countries!$X$5:$X$222,Countries!$C$5:$C$222,"Sub-Saharan Africa",Countries!$D$5:$D$222,"Lower middle income")/1000000 | D44: =SUMIFS(Countries!$Y$5:$Y$222,Countries!$C$5:$C$222,"Sub-Saharan Africa",Countries!$D$5:$D$222,"Lower middle income")/1000000 | E44: =SUMIFS(Countries!$Z$5:$Z$222,Countries!$C$5:$C$222,"Sub-Saharan Africa",Countries!$D$5:$D$222,"Lower middle income")/1000000 | F44: =SUMIFS(Countries!$AA$5:$AA$222,Countries!$C$5:$C$222,"Sub-Saharan Africa",Countries!$D$5:$D$222,"Lower middle income")/1000000 | G44: =SUMIFS(Countries!$AB$5:$AB$222,Countries!$C$5:$C$222,"Sub-Saharan Africa",Countries!$D$5:$D$222,"Lower middle income")/1000000 | H44: =SUMIFS(Countries!$AC$5:$AC$222,Countries!$C$5:$C$222,"Sub-Saharan Africa",Countries!$D$5:$D$222,"Lower middle income")/1000000 | I44: =SUMIFS(Countries!$AD$5:$AD$222,Countries!$C$5:$C$222,"Sub-Saharan Africa",Countries!$D$5:$D$222,"Lower middle income")/1000000 | J44: =SUM(C44:I44) | K44: =COUNTIFS(Countries!$C$5:$C$222,"Sub-Saharan Africa",Countries!$D$5:$D$222,"Lower middle income")
A45: Sub-Saharan Africa | B45: Low income | C45: =SUMIFS(Countries!$X$5:$X$222,Countries!$C$5:$C$222,"Sub-Saharan Africa",Countries!$D$5:$D$222,"Low income")/1000000 | D45: =SUMIFS(Countries!$Y$5:$Y$222,Countries!$C$5:$C$222,"Sub-Saharan Africa",Countries!$D$5:$D$222,"Low income")/1000000 | E45: =SUMIFS(Countries!$Z$5:$Z$222,Countries!$C$5:$C$222,"Sub-Saharan Africa",Countries!$D$5:$D$222,"Low income")/1000000 | F45: =SUMIFS(Countries!$AA$5:$AA$222,Countries!$C$5:$C$222,"Sub-Saharan Africa",Countries!$D$5:$D$222,"Low income")/1000000 | G45: =SUMIFS(Countries!$AB$5:$AB$222,Countries!$C$5:$C$222,"Sub-Saharan Africa",Countries!$D$5:$D$222,"Low income")/1000000 | H45: =SUMIFS(Countries!$AC$5:$AC$222,Countries!$C$5:$C$222,"Sub-Saharan Africa",Countries!$D$5:$D$222,"Low income")/1000000 | I45: =SUMIFS(Countries!$AD$5:$AD$222,Countries!$C$5:$C$222,"Sub-Saharan Africa",Countries!$D$5:$D$222,"Low income")/1000000 | J45: =SUM(C45:I45) | K45: =COUNTIFS(Countries!$C$5:$C$222,"Sub-Saharan Africa",Countries!$D$5:$D$222,"Low income")
A46: Europe & Central Asia | B46: High income | C46: =SUMIFS(Countries!$X$5:$X$222,Countries!$C$5:$C$222,"Europe & Central Asia",Countries!$D$5:$D$222,"High income")/1000000 | D46: =SUMIFS(Countries!$Y$5:$Y$222,Countries!$C$5:$C$222,"Europe & Central Asia",Countries!$D$5:$D$222,"High income")/1000000 | E46: =SUMIFS(Countries!$Z$5:$Z$222,Countries!$C$5:$C$222,"Europe & Central Asia",Countries!$D$5:$D$222,"High income")/1000000 | F46: =SUMIFS(Countries!$AA$5:$AA$222,Countries!$C$5:$C$222,"Europe & Central Asia",Countries!$D$5:$D$222,"High income")/1000000 | G46: =SUMIFS(Countries!$AB$5:$AB$222,Countries!$C$5:$C$222,"Europe & Central Asia",Countries!$D$5:$D$222,"High income")/1000000 | H46: =SUMIFS(Countries!$AC$5:$AC$222,Countries!$C$5:$C$222,"Europe & Central Asia",Countries!$D$5:$D$222,"High income")/1000000 | I46: =SUMIFS(Countries!$AD$5:$AD$222,Countries!$C$5:$C$222,"Europe & Central Asia",Countries!$D$5:$D$222,"High income")/1000000 | J46: =SUM(C46:I46) | K46: =COUNTIFS(Countries!$C$5:$C$222,"Europe & Central Asia",Countries!$D$5:$D$222,"High income")
A47: Europe & Central Asia | B47: Upper middle income | C47: =SUMIFS(Countries!$X$5:$X$222,Countries!$C$5:$C$222,"Europe & Central Asia",Countries!$D$5:$D$222,"Upper middle income")/1000000 | D47: =SUMIFS(Countries!$Y$5:$Y$222,Countries!$C$5:$C$222,"Europe & Central Asia",Countries!$D$5:$D$222,"Upper middle income")/1000000 | E47: =SUMIFS(Countries!$Z$5:$Z$222,Countries!$C$5:$C$222,"Europe & Central Asia",Countries!$D$5:$D$222,"Upper middle income")/1000000 | F47: =SUMIFS(Countries!$AA$5:$AA$222,Countries!$C$5:$C$222,"Europe & Central Asia",Countries!$D$5:$D$222,"Upper middle income")/1000000 | G47: =SUMIFS(Countries!$AB$5:$AB$222,Countries!$C$5:$C$222,"Europe & Central Asia",Countries!$D$5:$D$222,"Upper middle income")/1000000 | H47: =SUMIFS(Countries!$AC$5:$AC$222,Countries!$C$5:$C$222,"Europe & Central Asia",Countries!$D$5:$D$222,"Upper middle income")/1000000 | I47: =SUMIFS(Countries!$AD$5:$AD$222,Countries!$C$5:$C$222,"Europe & Central Asia",Countries!$D$5:$D$222,"Upper middle income")/1000000 | J47: =SUM(C47:I47) | K47: =COUNTIFS(Countries!$C$5:$C$222,"Europe & Central Asia",Countries!$D$5:$D$222,"Upper middle income")
A48: Europe & Central Asia | B48: Lower middle income | C48: =SUMIFS(Countries!$X$5:$X$222,Countries!$C$5:$C$222,"Europe & Central Asia",Countries!$D$5:$D$222,"Lower middle income")/1000000 | D48: =SUMIFS(Countries!$Y$5:$Y$222,Countries!$C$5:$C$222,"Europe & Central Asia",Countries!$D$5:$D$222,"Lower middle income")/1000000 | E48: =SUMIFS(Countries!$Z$5:$Z$222,Countries!$C$5:$C$222,"Europe & Central Asia",Countries!$D$5:$D$222,"Lower middle income")/1000000 | F48: =SUMIFS(Countries!$AA$5:$AA$222,Countries!$C$5:$C$222,"Europe & Central Asia",Countries!$D$5:$D$222,"Lower middle income")/1000000 | G48: =SUMIFS(Countries!$AB$5:$AB$222,Countries!$C$5:$C$222,"Europe & Central Asia",Countries!$D$5:$D$222,"Lower middle income")/1000000 | H48: =SUMIFS(Countries!$AC$5:$AC$222,Countries!$C$5:$C$222,"Europe & Central Asia",Countries!$D$5:$D$222,"Lower middle income")/1000000 | I48: =SUMIFS(Countries!$AD$5:$AD$222,Countries!$C$5:$C$222,"Europe & Central Asia",Countries!$D$5:$D$222,"Lower middle income")/1000000 | J48: =SUM(C48:I48) | K48: =COUNTIFS(Countries!$C$5:$C$222,"Europe & Central Asia",Countries!$D$5:$D$222,"Lower middle income")
A49: Middle East, North Africa, Afghanistan & Pakistan | B49: High income | C49: =SUMIFS(Countries!$X$5:$X$222,Countries!$C$5:$C$222,"Middle East, North Africa, Afghanistan & Pakistan",Countries!$D$5:$D$222,"High income")/1000000 | D49: =SUMIFS(Countries!$Y$5:$Y$222,Countries!$C$5:$C$222,"Middle East, North Africa, Afghanistan & Pakistan",Countries!$D$5:$D$222,"High income")/1000000 | E49: =SUMIFS(Countries!$Z$5:$Z$222,Countries!$C$5:$C$222,"Middle East, North Africa, Afghanistan & Pakistan",Countries!$D$5:$D$222,"High income")/1000000 | F49: =SUMIFS(Countries!$AA$5:$AA$222,Countries!$C$5:$C$222,"Middle East, North Africa, Afghanistan & Pakistan",Countries!$D$5:$D$222,"High income")/1000000 | G49: =SUMIFS(Countries!$AB$5:$AB$222,Countries!$C$5:$C$222,"Middle East, North Africa, Afghanistan & Pakistan",Countries!$D$5:$D$222,"High income")/1000000 | H49: =SUMIFS(Countries!$AC$5:$AC$222,Countries!$C$5:$C$222,"Middle East, North Africa, Afghanistan & Pakistan",Countries!$D$5:$D$222,"High income")/1000000 | I49: =SUMIFS(Countries!$AD$5:$AD$222,Countries!$C$5:$C$222,"Middle East, North Africa, Afghanistan & Pakistan",Countries!$D$5:$D$222,"High income")/1000000 | J49: =SUM(C49:I49) | K49: =COUNTIFS(Countries!$C$5:$C$222,"Middle East, North Africa, Afghanistan & Pakistan",Countries!$D$5:$D$222,"High income")
A50: Middle East, North Africa, Afghanistan & Pakistan | B50: Upper middle income | C50: =SUMIFS(Countries!$X$5:$X$222,Countries!$C$5:$C$222,"Middle East, North Africa, Afghanistan & Pakistan",Countries!$D$5:$D$222,"Upper middle income")/1000000 | D50: =SUMIFS(Countries!$Y$5:$Y$222,Countries!$C$5:$C$222,"Middle East, North Africa, Afghanistan & Pakistan",Countries!$D$5:$D$222,"Upper middle income")/1000000 | E50: =SUMIFS(Countries!$Z$5:$Z$222,Countries!$C$5:$C$222,"Middle East, North Africa, Afghanistan & Pakistan",Countries!$D$5:$D$222,"Upper middle income")/1000000 | F50: =SUMIFS(Countries!$AA$5:$AA$222,Countries!$C$5:$C$222,"Middle East, North Africa, Afghanistan & Pakistan",Countries!$D$5:$D$222,"Upper middle income")/1000000 | G50: =SUMIFS(Countries!$AB$5:$AB$222,Countries!$C$5:$C$222,"Middle East, North Africa, Afghanistan & Pakistan",Countries!$D$5:$D$222,"Upper middle income")/1000000 | H50: =SUMIFS(Countries!$AC$5:$AC$222,Countries!$C$5:$C$222,"Middle East, North Africa, Afghanistan & Pakistan",Countries!$D$5:$D$222,"Upper middle income")/1000000 | I50: =SUMIFS(Countries!$AD$5:$AD$222,Countries!$C$5:$C$222,"Middle East, North Africa, Afghanistan & Pakistan",Countries!$D$5:$D$222,"Upper middle income")/1000000 | J50: =SUM(C50:I50) | K50: =COUNTIFS(Countries!$C$5:$C$222,"Middle East, North Africa, Afghanistan & Pakistan",Countries!$D$5:$D$222,"Upper middle income")
A51: Middle East, North Africa, Afghanistan & Pakistan | B51: Lower middle income | C51: =SUMIFS(Countries!$X$5:$X$222,Countries!$C$5:$C$222,"Middle East, North Africa, Afghanistan & Pakistan",Countries!$D$5:$D$222,"Lower middle income")/1000000 | D51: =SUMIFS(Countries!$Y$5:$Y$222,Countries!$C$5:$C$222,"Middle East, North Africa, Afghanistan & Pakistan",Countries!$D$5:$D$222,"Lower middle income")/1000000 | E51: =SUMIFS(Countries!$Z$5:$Z$222,Countries!$C$5:$C$222,"Middle East, North Africa, Afghanistan & Pakistan",Countries!$D$5:$D$222,"Lower middle income")/1000000 | F51: =SUMIFS(Countries!$AA$5:$AA$222,Countries!$C$5:$C$222,"Middle East, North Africa, Afghanistan & Pakistan",Countries!$D$5:$D$222,"Lower middle income")/1000000 | G51: =SUMIFS(Countries!$AB$5:$AB$222,Countries!$C$5:$C$222,"Middle East, North Africa, Afghanistan & Pakistan",Countries!$D$5:$D$222,"Lower middle income")/1000000 | H51: =SUMIFS(Countries!$AC$5:$AC$222,Countries!$C$5:$C$222,"Middle East, North Africa, Afghanistan & Pakistan",Countries!$D$5:$D$222,"Lower middle income")/1000000 | I51: =SUMIFS(Countries!$AD$5:$AD$222,Countries!$C$5:$C$222,"Middle East, North Africa, Afghanistan & Pakistan",Countries!$D$5:$D$222,"Lower middle income")/1000000 | J51: =SUM(C51:I51) | K51: =COUNTIFS(Countries!$C$5:$C$222,"Middle East, North Africa, Afghanistan & Pakistan",Countries!$D$5:$D$222,"Lower middle income")
A52: Middle East, North Africa, Afghanistan & Pakistan | B52: Low income | C52: =SUMIFS(Countries!$X$5:$X$222,Countries!$C$5:$C$222,"Middle East, North Africa, Afghanistan & Pakistan",Countries!$D$5:$D$222,"Low income")/1000000 | D52: =SUMIFS(Countries!$Y$5:$Y$222,Countries!$C$5:$C$222,"Middle East, North Africa, Afghanistan & Pakistan",Countries!$D$5:$D$222,"Low income")/1000000 | E52: =SUMIFS(Countries!$Z$5:$Z$222,Countries!$C$5:$C$222,"Middle East, North Africa, Afghanistan & Pakistan",Countries!$D$5:$D$222,"Low income")/1000000 | F52: =SUMIFS(Countries!$AA$5:$AA$222,Countries!$C$5:$C$222,"Middle East, North Africa, Afghanistan & Pakistan",Countries!$D$5:$D$222,"Low income")/1000000 | G52: =SUMIFS(Countries!$AB$5:$AB$222,Countries!$C$5:$C$222,"Middle East, North Africa, Afghanistan & Pakistan",Countries!$D$5:$D$222,"Low income")/1000000 | H52: =SUMIFS(Countries!$AC$5:$AC$222,Countries!$C$5:$C$222,"Middle East, North Africa, Afghanistan & Pakistan",Countries!$D$5:$D$222,"Low income")/1000000 | I52: =SUMIFS(Countries!$AD$5:$AD$222,Countries!$C$5:$C$222,"Middle East, North Africa, Afghanistan & Pakistan",Countries!$D$5:$D$222,"Low income")/1000000 | J52: =SUM(C52:I52) | K52: =COUNTIFS(Countries!$C$5:$C$222,"Middle East, North Africa, Afghanistan & Pakistan",Countries!$D$5:$D$222,"Low income")
A53: Latin America & Caribbean | B53: High income | C53: =SUMIFS(Countries!$X$5:$X$222,Countries!$C$5:$C$222,"Latin America & Caribbean",Countries!$D$5:$D$222,"High income")/1000000 | D53: =SUMIFS(Countries!$Y$5:$Y$222,Countries!$C$5:$C$222,"Latin America & Caribbean",Countries!$D$5:$D$222,"High income")/1000000 | E53: =SUMIFS(Countries!$Z$5:$Z$222,Countries!$C$5:$C$222,"Latin America & Caribbean",Countries!$D$5:$D$222,"High income")/1000000 | F53: =SUMIFS(Countries!$AA$5:$AA$222,Countries!$C$5:$C$222,"Latin America & Caribbean",Countries!$D$5:$D$222,"High income")/1000000 | G53: =SUMIFS(Countries!$AB$5:$AB$222,Countries!$C$5:$C$222,"Latin America & Caribbean",Countries!$D$5:$D$222,"High income")/1000000 | H53: =SUMIFS(Countries!$AC$5:$AC$222,Countries!$C$5:$C$222,"Latin America & Caribbean",Countries!$D$5:$D$222,"High income")/1000000 | I53: =SUMIFS(Countries!$AD$5:$AD$222,Countries!$C$5:$C$222,"Latin America & Caribbean",Countries!$D$5:$D$222,"High income")/1000000 | J53: =SUM(C53:I53) | K53: =COUNTIFS(Countries!$C$5:$C$222,"Latin America & Caribbean",Countries!$D$5:$D$222,"High income")
A54: Latin America & Caribbean | B54: Upper middle income | C54: =SUMIFS(Countries!$X$5:$X$222,Countries!$C$5:$C$222,"Latin America & Caribbean",Countries!$D$5:$D$222,"Upper middle income")/1000000 | D54: =SUMIFS(Countries!$Y$5:$Y$222,Countries!$C$5:$C$222,"Latin America & Caribbean",Countries!$D$5:$D$222,"Upper middle income")/1000000 | E54: =SUMIFS(Countries!$Z$5:$Z$222,Countries!$C$5:$C$222,"Latin America & Caribbean",Countries!$D$5:$D$222,"Upper middle income")/1000000 | F54: =SUMIFS(Countries!$AA$5:$AA$222,Countries!$C$5:$C$222,"Latin America & Caribbean",Countries!$D$5:$D$222,"Upper middle income")/1000000 | G54: =SUMIFS(Countries!$AB$5:$AB$222,Countries!$C$5:$C$222,"Latin America & Caribbean",Countries!$D$5:$D$222,"Upper middle income")/1000000 | H54: =SUMIFS(Countries!$AC$5:$AC$222,Countries!$C$5:$C$222,"Latin America & Caribbean",Countries!$D$5:$D$222,"Upper middle income")/1000000 | I54: =SUMIFS(Countries!$AD$5:$AD$222,Countries!$C$5:$C$222,"Latin America & Caribbean",Countries!$D$5:$D$222,"Upper middle income")/1000000 | J54: =SUM(C54:I54) | K54: =COUNTIFS(Countries!$C$5:$C$222,"Latin America & Caribbean",Countries!$D$5:$D$222,"Upper middle income")
A55: Latin America & Caribbean | B55: Lower middle income | C55: =SUMIFS(Countries!$X$5:$X$222,Countries!$C$5:$C$222,"Latin America & Caribbean",Countries!$D$5:$D$222,"Lower middle income")/1000000 | D55: =SUMIFS(Countries!$Y$5:$Y$222,Countries!$C$5:$C$222,"Latin America & Caribbean",Countries!$D$5:$D$222,"Lower middle income")/1000000 | E55: =SUMIFS(Countries!$Z$5:$Z$222,Countries!$C$5:$C$222,"Latin America & Caribbean",Countries!$D$5:$D$222,"Lower middle income")/1000000 | F55: =SUMIFS(Countries!$AA$5:$AA$222,Countries!$C$5:$C$222,"Latin America & Caribbean",Countries!$D$5:$D$222,"Lower middle income")/1000000 | G55: =SUMIFS(Countries!$AB$5:$AB$222,Countries!$C$5:$C$222,"Latin America & Caribbean",Countries!$D$5:$D$222,"Lower middle income")/1000000 | H55: =SUMIFS(Countries!$AC$5:$AC$222,Countries!$C$5:$C$222,"Latin America & Caribbean",Countries!$D$5:$D$222,"Lower middle income")/1000000 | I55: =SUMIFS(Countries!$AD$5:$AD$222,Countries!$C$5:$C$222,"Latin America & Caribbean",Countries!$D$5:$D$222,"Lower middle income")/1000000 | J55: =SUM(C55:I55) | K55: =COUNTIFS(Countries!$C$5:$C$222,"Latin America & Caribbean",Countries!$D$5:$D$222,"Lower middle income")
A56: North America | B56: High income | C56: =SUMIFS(Countries!$X$5:$X$222,Countries!$C$5:$C$222,"North America",Countries!$D$5:$D$222,"High income")/1000000 | D56: =SUMIFS(Countries!$Y$5:$Y$222,Countries!$C$5:$C$222,"North America",Countries!$D$5:$D$222,"High income")/1000000 | E56: =SUMIFS(Countries!$Z$5:$Z$222,Countries!$C$5:$C$222,"North America",Countries!$D$5:$D$222,"High income")/1000000 | F56: =SUMIFS(Countries!$AA$5:$AA$222,Countries!$C$5:$C$222,"North America",Countries!$D$5:$D$222,"High income")/1000000 | G56: =SUMIFS(Countries!$AB$5:$AB$222,Countries!$C$5:$C$222,"North America",Countries!$D$5:$D$222,"High income")/1000000 | H56: =SUMIFS(Countries!$AC$5:$AC$222,Countries!$C$5:$C$222,"North America",Countries!$D$5:$D$222,"High income")/1000000 | I56: =SUMIFS(Countries!$AD$5:$AD$222,Countries!$C$5:$C$222,"North America",Countries!$D$5:$D$222,"High income")/1000000 | J56: =SUM(C56:I56) | K56: =COUNTIFS(Countries!$C$5:$C$222,"North America",Countries!$D$5:$D$222,"High income")
A57: World | C57: =SUM(C36:C56) | D57: =SUM(D36:D56) | E57: =SUM(E36:E56) | F57: =SUM(F36:F56) | G57: =SUM(G36:G56) | H57: =SUM(H36:H56) | I57: =SUM(I36:I56) | J57: =SUM(J36:J56) | K57: =SUM(K36:K56)
A59: 5. Top 25 countries (millions)
A60: Country | B60: Region | C60: Income level | D60: 0-14 | E60: 15-24 | F60: 25-34 | G60: 35-44 | H60: 45-54 | I60: 55-64 | J60: 65+ | K60: Total | L60: % of world | M60: Median age
A61: =INDEX(Countries!$B$5:$B$222,MATCH(1,Countries!$AG$5:$AG$222,0)) | B61: =INDEX(Countries!$C$5:$C$222,MATCH(1,Countries!$AG$5:$AG$222,0)) | C61: =INDEX(Countries!$D$5:$D$222,MATCH(1,Countries!$AG$5:$AG$222,0)) | D61: =INDEX(Countries!$X$5:$X$222,MATCH(1,Countries!$AG$5:$AG$222,0))/1000000 | E61: =INDEX(Countries!$Y$5:$Y$222,MATCH(1,Countries!$AG$5:$AG$222,0))/1000000 | F61: =INDEX(Countries!$Z$5:$Z$222,MATCH(1,Countries!$AG$5:$AG$222,0))/1000000 | G61: =INDEX(Countries!$AA$5:$AA$222,MATCH(1,Countries!$AG$5:$AG$222,0))/1000000 | H61: =INDEX(Countries!$AB$5:$AB$222,MATCH(1,Countries!$AG$5:$AG$222,0))/1000000 | I61: =INDEX(Countries!$AC$5:$AC$222,MATCH(1,Countries!$AG$5:$AG$222,0))/1000000 | J61: =INDEX(Countries!$AD$5:$AD$222,MATCH(1,Countries!$AG$5:$AG$222,0))/1000000 | K61: =INDEX(Countries!$AE$5:$AE$222,MATCH(1,Countries!$AG$5:$AG$222,0))/1000000 | L61: =INDEX(Countries!$AF$5:$AF$222,MATCH(1,Countries!$AG$5:$AG$222,0)) | M61: =INDEX(Countries!$AK$5:$AK$222,MATCH(1,Countries!$AG$5:$AG$222,0))
A62: =INDEX(Countries!$B$5:$B$222,MATCH(2,Countries!$AG$5:$AG$222,0)) | B62: =INDEX(Countries!$C$5:$C$222,MATCH(2,Countries!$AG$5:$AG$222,0)) | C62: =INDEX(Countries!$D$5:$D$222,MATCH(2,Countries!$AG$5:$AG$222,0)) | D62: =INDEX(Countries!$X$5:$X$222,MATCH(2,Countries!$AG$5:$AG$222,0))/1000000 | E62: =INDEX(Countries!$Y$5:$Y$222,MATCH(2,Countries!$AG$5:$AG$222,0))/1000000 | F62: =INDEX(Countries!$Z$5:$Z$222,MATCH(2,Countries!$AG$5:$AG$222,0))/1000000 | G62: =INDEX(Countries!$AA$5:$AA$222,MATCH(2,Countries!$AG$5:$AG$222,0))/1000000 | H62: =INDEX(Countries!$AB$5:$AB$222,MATCH(2,Countries!$AG$5:$AG$222,0))/1000000 | I62: =INDEX(Countries!$AC$5:$AC$222,MATCH(2,Countries!$AG$5:$AG$222,0))/1000000 | J62: =INDEX(Countries!$AD$5:$AD$222,MATCH(2,Countries!$AG$5:$AG$222,0))/1000000 | K62: =INDEX(Countries!$AE$5:$AE$222,MATCH(2,Countries!$AG$5:$AG$222,0))/1000000 | L62: =INDEX(Countries!$AF$5:$AF$222,MATCH(2,Countries!$AG$5:$AG$222,0)) | M62: =INDEX(Countries!$AK$5:$AK$222,MATCH(2,Countries!$AG$5:$AG$222,0))
A63: =INDEX(Countries!$B$5:$B$222,MATCH(3,Countries!$AG$5:$AG$222,0)) | B63: =INDEX(Countries!$C$5:$C$222,MATCH(3,Countries!$AG$5:$AG$222,0)) | C63: =INDEX(Countries!$D$5:$D$222,MATCH(3,Countries!$AG$5:$AG$222,0)) | D63: =INDEX(Countries!$X$5:$X$222,MATCH(3,Countries!$AG$5:$AG$222,0))/1000000 | E63: =INDEX(Countries!$Y$5:$Y$222,MATCH(3,Countries!$AG$5:$AG$222,0))/1000000 | F63: =INDEX(Countries!$Z$5:$Z$222,MATCH(3,Countries!$AG$5:$AG$222,0))/1000000 | G63: =INDEX(Countries!$AA$5:$AA$222,MATCH(3,Countries!$AG$5:$AG$222,0))/1000000 | H63: =INDEX(Countries!$AB$5:$AB$222,MATCH(3,Countries!$AG$5:$AG$222,0))/1000000 | I63: =INDEX(Countries!$AC$5:$AC$222,MATCH(3,Countries!$AG$5:$AG$222,0))/1000000 | J63: =INDEX(Countries!$AD$5:$AD$222,MATCH(3,Countries!$AG$5:$AG$222,0))/1000000 | K63: =INDEX(Countries!$AE$5:$AE$222,MATCH(3,Countries!$AG$5:$AG$222,0))/1000000 | L63: =INDEX(Countries!$AF$5:$AF$222,MATCH(3,Countries!$AG$5:$AG$222,0)) | M63: =INDEX(Countries!$AK$5:$AK$222,MATCH(3,Countries!$AG$5:$AG$222,0))
A64: =INDEX(Countries!$B$5:$B$222,MATCH(4,Countries!$AG$5:$AG$222,0)) | B64: =INDEX(Countries!$C$5:$C$222,MATCH(4,Countries!$AG$5:$AG$222,0)) | C64: =INDEX(Countries!$D$5:$D$222,MATCH(4,Countries!$AG$5:$AG$222,0)) | D64: =INDEX(Countries!$X$5:$X$222,MATCH(4,Countries!$AG$5:$AG$222,0))/1000000 | E64: =INDEX(Countries!$Y$5:$Y$222,MATCH(4,Countries!$AG$5:$AG$222,0))/1000000 | F64: =INDEX(Countries!$Z$5:$Z$222,MATCH(4,Countries!$AG$5:$AG$222,0))/1000000 | G64: =INDEX(Countries!$AA$5:$AA$222,MATCH(4,Countries!$AG$5:$AG$222,0))/1000000 | H64: =INDEX(Countries!$AB$5:$AB$222,MATCH(4,Countries!$AG$5:$AG$222,0))/1000000 | I64: =INDEX(Countries!$AC$5:$AC$222,MATCH(4,Countries!$AG$5:$AG$222,0))/1000000 | J64: =INDEX(Countries!$AD$5:$AD$222,MATCH(4,Countries!$AG$5:$AG$222,0))/1000000 | K64: =INDEX(Countries!$AE$5:$AE$222,MATCH(4,Countries!$AG$5:$AG$222,0))/1000000 | L64: =INDEX(Countries!$AF$5:$AF$222,MATCH(4,Countries!$AG$5:$AG$222,0)) | M64: =INDEX(Countries!$AK$5:$AK$222,MATCH(4,Countries!$AG$5:$AG$222,0))
A65: =INDEX(Countries!$B$5:$B$222,MATCH(5,Countries!$AG$5:$AG$222,0)) | B65: =INDEX(Countries!$C$5:$C$222,MATCH(5,Countries!$AG$5:$AG$222,0)) | C65: =INDEX(Countries!$D$5:$D$222,MATCH(5,Countries!$AG$5:$AG$222,0)) | D65: =INDEX(Countries!$X$5:$X$222,MATCH(5,Countries!$AG$5:$AG$222,0))/1000000 | E65: =INDEX(Countries!$Y$5:$Y$222,MATCH(5,Countries!$AG$5:$AG$222,0))/1000000 | F65: =INDEX(Countries!$Z$5:$Z$222,MATCH(5,Countries!$AG$5:$AG$222,0))/1000000 | G65: =INDEX(Countries!$AA$5:$AA$222,MATCH(5,Countries!$AG$5:$AG$222,0))/1000000 | H65: =INDEX(Countries!$AB$5:$AB$222,MATCH(5,Countries!$AG$5:$AG$222,0))/1000000 | I65: =INDEX(Countries!$AC$5:$AC$222,MATCH(5,Countries!$AG$5:$AG$222,0))/1000000 | J65: =INDEX(Countries!$AD$5:$AD$222,MATCH(5,Countries!$AG$5:$AG$222,0))/1000000 | K65: =INDEX(Countries!$AE$5:$AE$222,MATCH(5,Countries!$AG$5:$AG$222,0))/1000000 | L65: =INDEX(Countries!$AF$5:$AF$222,MATCH(5,Countries!$AG$5:$AG$222,0)) | M65: =INDEX(Countries!$AK$5:$AK$222,MATCH(5,Countries!$AG$5:$AG$222,0))
A66: =INDEX(Countries!$B$5:$B$222,MATCH(6,Countries!$AG$5:$AG$222,0)) | B66: =INDEX(Countries!$C$5:$C$222,MATCH(6,Countries!$AG$5:$AG$222,0)) | C66: =INDEX(Countries!$D$5:$D$222,MATCH(6,Countries!$AG$5:$AG$222,0)) | D66: =INDEX(Countries!$X$5:$X$222,MATCH(6,Countries!$AG$5:$AG$222,0))/1000000 | E66: =INDEX(Countries!$Y$5:$Y$222,MATCH(6,Countries!$AG$5:$AG$222,0))/1000000 | F66: =INDEX(Countries!$Z$5:$Z$222,MATCH(6,Countries!$AG$5:$AG$222,0))/1000000 | G66: =INDEX(Countries!$AA$5:$AA$222,MATCH(6,Countries!$AG$5:$AG$222,0))/1000000 | H66: =INDEX(Countries!$AB$5:$AB$222,MATCH(6,Countries!$AG$5:$AG$222,0))/1000000 | I66: =INDEX(Countries!$AC$5:$AC$222,MATCH(6,Countries!$AG$5:$AG$222,0))/1000000 | J66: =INDEX(Countries!$AD$5:$AD$222,MATCH(6,Countries!$AG$5:$AG$222,0))/1000000 | K66: =INDEX(Countries!$AE$5:$AE$222,MATCH(6,Countries!$AG$5:$AG$222,0))/1000000 | L66: =INDEX(Countries!$AF$5:$AF$222,MATCH(6,Countries!$AG$5:$AG$222,0)) | M66: =INDEX(Countries!$AK$5:$AK$222,MATCH(6,Countries!$AG$5:$AG$222,0))
A67: =INDEX(Countries!$B$5:$B$222,MATCH(7,Countries!$AG$5:$AG$222,0)) | B67: =INDEX(Countries!$C$5:$C$222,MATCH(7,Countries!$AG$5:$AG$222,0)) | C67: =INDEX(Countries!$D$5:$D$222,MATCH(7,Countries!$AG$5:$AG$222,0)) | D67: =INDEX(Countries!$X$5:$X$222,MATCH(7,Countries!$AG$5:$AG$222,0))/1000000 | E67: =INDEX(Countries!$Y$5:$Y$222,MATCH(7,Countries!$AG$5:$AG$222,0))/1000000 | F67: =INDEX(Countries!$Z$5:$Z$222,MATCH(7,Countries!$AG$5:$AG$222,0))/1000000 | G67: =INDEX(Countries!$AA$5:$AA$222,MATCH(7,Countries!$AG$5:$AG$222,0))/1000000 | H67: =INDEX(Countries!$AB$5:$AB$222,MATCH(7,Countries!$AG$5:$AG$222,0))/1000000 | I67: =INDEX(Countries!$AC$5:$AC$222,MATCH(7,Countries!$AG$5:$AG$222,0))/1000000 | J67: =INDEX(Countries!$AD$5:$AD$222,MATCH(7,Countries!$AG$5:$AG$222,0))/1000000 | K67: =INDEX(Countries!$AE$5:$AE$222,MATCH(7,Countries!$AG$5:$AG$222,0))/1000000 | L67: =INDEX(Countries!$AF$5:$AF$222,MATCH(7,Countries!$AG$5:$AG$222,0)) | M67: =INDEX(Countries!$AK$5:$AK$222,MATCH(7,Countries!$AG$5:$AG$222,0))
A68: =INDEX(Countries!$B$5:$B$222,MATCH(8,Countries!$AG$5:$AG$222,0)) | B68: =INDEX(Countries!$C$5:$C$222,MATCH(8,Countries!$AG$5:$AG$222,0)) | C68: =INDEX(Countries!$D$5:$D$222,MATCH(8,Countries!$AG$5:$AG$222,0)) | D68: =INDEX(Countries!$X$5:$X$222,MATCH(8,Countries!$AG$5:$AG$222,0))/1000000 | E68: =INDEX(Countries!$Y$5:$Y$222,MATCH(8,Countries!$AG$5:$AG$222,0))/1000000 | F68: =INDEX(Countries!$Z$5:$Z$222,MATCH(8,Countries!$AG$5:$AG$222,0))/1000000 | G68: =INDEX(Countries!$AA$5:$AA$222,MATCH(8,Countries!$AG$5:$AG$222,0))/1000000 | H68: =INDEX(Countries!$AB$5:$AB$222,MATCH(8,Countries!$AG$5:$AG$222,0))/1000000 | I68: =INDEX(Countries!$AC$5:$AC$222,MATCH(8,Countries!$AG$5:$AG$222,0))/1000000 | J68: =INDEX(Countries!$AD$5:$AD$222,MATCH(8,Countries!$AG$5:$AG$222,0))/1000000 | K68: =INDEX(Countries!$AE$5:$AE$222,MATCH(8,Countries!$AG$5:$AG$222,0))/1000000 | L68: =INDEX(Countries!$AF$5:$AF$222,MATCH(8,Countries!$AG$5:$AG$222,0)) | M68: =INDEX(Countries!$AK$5:$AK$222,MATCH(8,Countries!$AG$5:$AG$222,0))
A69: =INDEX(Countries!$B$5:$B$222,MATCH(9,Countries!$AG$5:$AG$222,0)) | B69: =INDEX(Countries!$C$5:$C$222,MATCH(9,Countries!$AG$5:$AG$222,0)) | C69: =INDEX(Countries!$D$5:$D$222,MATCH(9,Countries!$AG$5:$AG$222,0)) | D69: =INDEX(Countries!$X$5:$X$222,MATCH(9,Countries!$AG$5:$AG$222,0))/1000000 | E69: =INDEX(Countries!$Y$5:$Y$222,MATCH(9,Countries!$AG$5:$AG$222,0))/1000000 | F69: =INDEX(Countries!$Z$5:$Z$222,MATCH(9,Countries!$AG$5:$AG$222,0))/1000000 | G69: =INDEX(Countries!$AA$5:$AA$222,MATCH(9,Countries!$AG$5:$AG$222,0))/1000000 | H69: =INDEX(Countries!$AB$5:$AB$222,MATCH(9,Countries!$AG$5:$AG$222,0))/1000000 | I69: =INDEX(Countries!$AC$5:$AC$222,MATCH(9,Countries!$AG$5:$AG$222,0))/1000000 | J69: =INDEX(Countries!$AD$5:$AD$222,MATCH(9,Countries!$AG$5:$AG$222,0))/1000000 | K69: =INDEX(Countries!$AE$5:$AE$222,MATCH(9,Countries!$AG$5:$AG$222,0))/1000000 | L69: =INDEX(Countries!$AF$5:$AF$222,MATCH(9,Countries!$AG$5:$AG$222,0)) | M69: =INDEX(Countries!$AK$5:$AK$222,MATCH(9,Countries!$AG$5:$AG$222,0))
A70: =INDEX(Countries!$B$5:$B$222,MATCH(10,Countries!$AG$5:$AG$222,0)) | B70: =INDEX(Countries!$C$5:$C$222,MATCH(10,Countries!$AG$5:$AG$222,0)) | C70: =INDEX(Countries!$D$5:$D$222,MATCH(10,Countries!$AG$5:$AG$222,0)) | D70: =INDEX(Countries!$X$5:$X$222,MATCH(10,Countries!$AG$5:$AG$222,0))/1000000 | E70: =INDEX(Countries!$Y$5:$Y$222,MATCH(10,Countries!$AG$5:$AG$222,0))/1000000 | F70: =INDEX(Countries!$Z$5:$Z$222,MATCH(10,Countries!$AG$5:$AG$222,0))/1000000 | G70: =INDEX(Countries!$AA$5:$AA$222,MATCH(10,Countries!$AG$5:$AG$222,0))/1000000 | H70: =INDEX(Countries!$AB$5:$AB$222,MATCH(10,Countries!$AG$5:$AG$222,0))/1000000 | I70: =INDEX(Countries!$AC$5:$AC$222,MATCH(10,Countries!$AG$5:$AG$222,0))/1000000 | J70: =INDEX(Countries!$AD$5:$AD$222,MATCH(10,Countries!$AG$5:$AG$222,0))/1000000 | K70: =INDEX(Countries!$AE$5:$AE$222,MATCH(10,Countries!$AG$5:$AG$222,0))/1000000 | L70: =INDEX(Countries!$AF$5:$AF$222,MATCH(10,Countries!$AG$5:$AG$222,0)) | M70: =INDEX(Countries!$AK$5:$AK$222,MATCH(10,Countries!$AG$5:$AG$222,0))
A71: =INDEX(Countries!$B$5:$B$222,MATCH(11,Countries!$AG$5:$AG$222,0)) | B71: =INDEX(Countries!$C$5:$C$222,MATCH(11,Countries!$AG$5:$AG$222,0)) | C71: =INDEX(Countries!$D$5:$D$222,MATCH(11,Countries!$AG$5:$AG$222,0)) | D71: =INDEX(Countries!$X$5:$X$222,MATCH(11,Countries!$AG$5:$AG$222,0))/1000000 | E71: =INDEX(Countries!$Y$5:$Y$222,MATCH(11,Countries!$AG$5:$AG$222,0))/1000000 | F71: =INDEX(Countries!$Z$5:$Z$222,MATCH(11,Countries!$AG$5:$AG$222,0))/1000000 | G71: =INDEX(Countries!$AA$5:$AA$222,MATCH(11,Countries!$AG$5:$AG$222,0))/1000000 | H71: =INDEX(Countries!$AB$5:$AB$222,MATCH(11,Countries!$AG$5:$AG$222,0))/1000000 | I71: =INDEX(Countries!$AC$5:$AC$222,MATCH(11,Countries!$AG$5:$AG$222,0))/1000000 | J71: =INDEX(Countries!$AD$5:$AD$222,MATCH(11,Countries!$AG$5:$AG$222,0))/1000000 | K71: =INDEX(Countries!$AE$5:$AE$222,MATCH(11,Countries!$AG$5:$AG$222,0))/1000000 | L71: =INDEX(Countries!$AF$5:$AF$222,MATCH(11,Countries!$AG$5:$AG$222,0)) | M71: =INDEX(Countries!$AK$5:$AK$222,MATCH(11,Countries!$AG$5:$AG$222,0))
A72: =INDEX(Countries!$B$5:$B$222,MATCH(12,Countries!$AG$5:$AG$222,0)) | B72: =INDEX(Countries!$C$5:$C$222,MATCH(12,Countries!$AG$5:$AG$222,0)) | C72: =INDEX(Countries!$D$5:$D$222,MATCH(12,Countries!$AG$5:$AG$222,0)) | D72: =INDEX(Countries!$X$5:$X$222,MATCH(12,Countries!$AG$5:$AG$222,0))/1000000 | E72: =INDEX(Countries!$Y$5:$Y$222,MATCH(12,Countries!$AG$5:$AG$222,0))/1000000 | F72: =INDEX(Countries!$Z$5:$Z$222,MATCH(12,Countries!$AG$5:$AG$222,0))/1000000 | G72: =INDEX(Countries!$AA$5:$AA$222,MATCH(12,Countries!$AG$5:$AG$222,0))/1000000 | H72: =INDEX(Countries!$AB$5:$AB$222,MATCH(12,Countries!$AG$5:$AG$222,0))/1000000 | I72: =INDEX(Countries!$AC$5:$AC$222,MATCH(12,Countries!$AG$5:$AG$222,0))/1000000 | J72: =INDEX(Countries!$AD$5:$AD$222,MATCH(12,Countries!$AG$5:$AG$222,0))/1000000 | K72: =INDEX(Countries!$AE$5:$AE$222,MATCH(12,Countries!$AG$5:$AG$222,0))/1000000 | L72: =INDEX(Countries!$AF$5:$AF$222,MATCH(12,Countries!$AG$5:$AG$222,0)) | M72: =INDEX(Countries!$AK$5:$AK$222,MATCH(12,Countries!$AG$5:$AG$222,0))
A73: =INDEX(Countries!$B$5:$B$222,MATCH(13,Countries!$AG$5:$AG$222,0)) | B73: =INDEX(Countries!$C$5:$C$222,MATCH(13,Countries!$AG$5:$AG$222,0)) | C73: =INDEX(Countries!$D$5:$D$222,MATCH(13,Countries!$AG$5:$AG$222,0)) | D73: =INDEX(Countries!$X$5:$X$222,MATCH(13,Countries!$AG$5:$AG$222,0))/1000000 | E73: =INDEX(Countries!$Y$5:$Y$222,MATCH(13,Countries!$AG$5:$AG$222,0))/1000000 | F73: =INDEX(Countries!$Z$5:$Z$222,MATCH(13,Countries!$AG$5:$AG$222,0))/1000000 | G73: =INDEX(Countries!$AA$5:$AA$222,MATCH(13,Countries!$AG$5:$AG$222,0))/1000000 | H73: =INDEX(Countries!$AB$5:$AB$222,MATCH(13,Countries!$AG$5:$AG$222,0))/1000000 | I73: =INDEX(Countries!$AC$5:$AC$222,MATCH(13,Countries!$AG$5:$AG$222,0))/1000000 | J73: =INDEX(Countries!$AD$5:$AD$222,MATCH(13,Countries!$AG$5:$AG$222,0))/1000000 | K73: =INDEX(Countries!$AE$5:$AE$222,MATCH(13,Countries!$AG$5:$AG$222,0))/1000000 | L73: =INDEX(Countries!$AF$5:$AF$222,MATCH(13,Countries!$AG$5:$AG$222,0)) | M73: =INDEX(Countries!$AK$5:$AK$222,MATCH(13,Countries!$AG$5:$AG$222,0))
A74: =INDEX(Countries!$B$5:$B$222,MATCH(14,Countries!$AG$5:$AG$222,0)) | B74: =INDEX(Countries!$C$5:$C$222,MATCH(14,Countries!$AG$5:$AG$222,0)) | C74: =INDEX(Countries!$D$5:$D$222,MATCH(14,Countries!$AG$5:$AG$222,0)) | D74: =INDEX(Countries!$X$5:$X$222,MATCH(14,Countries!$AG$5:$AG$222,0))/1000000 | E74: =INDEX(Countries!$Y$5:$Y$222,MATCH(14,Countries!$AG$5:$AG$222,0))/1000000 | F74: =INDEX(Countries!$Z$5:$Z$222,MATCH(14,Countries!$AG$5:$AG$222,0))/1000000 | G74: =INDEX(Countries!$AA$5:$AA$222,MATCH(14,Countries!$AG$5:$AG$222,0))/1000000 | H74: =INDEX(Countries!$AB$5:$AB$222,MATCH(14,Countries!$AG$5:$AG$222,0))/1000000 | I74: =INDEX(Countries!$AC$5:$AC$222,MATCH(14,Countries!$AG$5:$AG$222,0))/1000000 | J74: =INDEX(Countries!$AD$5:$AD$222,MATCH(14,Countries!$AG$5:$AG$222,0))/1000000 | K74: =INDEX(Countries!$AE$5:$AE$222,MATCH(14,Countries!$AG$5:$AG$222,0))/1000000 | L74: =INDEX(Countries!$AF$5:$AF$222,MATCH(14,Countries!$AG$5:$AG$222,0)) | M74: =INDEX(Countries!$AK$5:$AK$222,MATCH(14,Countries!$AG$5:$AG$222,0))
A75: =INDEX(Countries!$B$5:$B$222,MATCH(15,Countries!$AG$5:$AG$222,0)) | B75: =INDEX(Countries!$C$5:$C$222,MATCH(15,Countries!$AG$5:$AG$222,0)) | C75: =INDEX(Countries!$D$5:$D$222,MATCH(15,Countries!$AG$5:$AG$222,0)) | D75: =INDEX(Countries!$X$5:$X$222,MATCH(15,Countries!$AG$5:$AG$222,0))/1000000 | E75: =INDEX(Countries!$Y$5:$Y$222,MATCH(15,Countries!$AG$5:$AG$222,0))/1000000 | F75: =INDEX(Countries!$Z$5:$Z$222,MATCH(15,Countries!$AG$5:$AG$222,0))/1000000 | G75: =INDEX(Countries!$AA$5:$AA$222,MATCH(15,Countries!$AG$5:$AG$222,0))/1000000 | H75: =INDEX(Countries!$AB$5:$AB$222,MATCH(15,Countries!$AG$5:$AG$222,0))/1000000 | I75: =INDEX(Countries!$AC$5:$AC$222,MATCH(15,Countries!$AG$5:$AG$222,0))/1000000 | J75: =INDEX(Countries!$AD$5:$AD$222,MATCH(15,Countries!$AG$5:$AG$222,0))/1000000 | K75: =INDEX(Countries!$AE$5:$AE$222,MATCH(15,Countries!$AG$5:$AG$222,0))/1000000 | L75: =INDEX(Countries!$AF$5:$AF$222,MATCH(15,Countries!$AG$5:$AG$222,0)) | M75: =INDEX(Countries!$AK$5:$AK$222,MATCH(15,Countries!$AG$5:$AG$222,0))
A76: =INDEX(Countries!$B$5:$B$222,MATCH(16,Countries!$AG$5:$AG$222,0)) | B76: =INDEX(Countries!$C$5:$C$222,MATCH(16,Countries!$AG$5:$AG$222,0)) | C76: =INDEX(Countries!$D$5:$D$222,MATCH(16,Countries!$AG$5:$AG$222,0)) | D76: =INDEX(Countries!$X$5:$X$222,MATCH(16,Countries!$AG$5:$AG$222,0))/1000000 | E76: =INDEX(Countries!$Y$5:$Y$222,MATCH(16,Countries!$AG$5:$AG$222,0))/1000000 | F76: =INDEX(Countries!$Z$5:$Z$222,MATCH(16,Countries!$AG$5:$AG$222,0))/1000000 | G76: =INDEX(Countries!$AA$5:$AA$222,MATCH(16,Countries!$AG$5:$AG$222,0))/1000000 | H76: =INDEX(Countries!$AB$5:$AB$222,MATCH(16,Countries!$AG$5:$AG$222,0))/1000000 | I76: =INDEX(Countries!$AC$5:$AC$222,MATCH(16,Countries!$AG$5:$AG$222,0))/1000000 | J76: =INDEX(Countries!$AD$5:$AD$222,MATCH(16,Countries!$AG$5:$AG$222,0))/1000000 | K76: =INDEX(Countries!$AE$5:$AE$222,MATCH(16,Countries!$AG$5:$AG$222,0))/1000000 | L76: =INDEX(Countries!$AF$5:$AF$222,MATCH(16,Countries!$AG$5:$AG$222,0)) | M76: =INDEX(Countries!$AK$5:$AK$222,MATCH(16,Countries!$AG$5:$AG$222,0))
A77: =INDEX(Countries!$B$5:$B$222,MATCH(17,Countries!$AG$5:$AG$222,0)) | B77: =INDEX(Countries!$C$5:$C$222,MATCH(17,Countries!$AG$5:$AG$222,0)) | C77: =INDEX(Countries!$D$5:$D$222,MATCH(17,Countries!$AG$5:$AG$222,0)) | D77: =INDEX(Countries!$X$5:$X$222,MATCH(17,Countries!$AG$5:$AG$222,0))/1000000 | E77: =INDEX(Countries!$Y$5:$Y$222,MATCH(17,Countries!$AG$5:$AG$222,0))/1000000 | F77: =INDEX(Countries!$Z$5:$Z$222,MATCH(17,Countries!$AG$5:$AG$222,0))/1000000 | G77: =INDEX(Countries!$AA$5:$AA$222,MATCH(17,Countries!$AG$5:$AG$222,0))/1000000 | H77: =INDEX(Countries!$AB$5:$AB$222,MATCH(17,Countries!$AG$5:$AG$222,0))/1000000 | I77: =INDEX(Countries!$AC$5:$AC$222,MATCH(17,Countries!$AG$5:$AG$222,0))/1000000 | J77: =INDEX(Countries!$AD$5:$AD$222,MATCH(17,Countries!$AG$5:$AG$222,0))/1000000 | K77: =INDEX(Countries!$AE$5:$AE$222,MATCH(17,Countries!$AG$5:$AG$222,0))/1000000 | L77: =INDEX(Countries!$AF$5:$AF$222,MATCH(17,Countries!$AG$5:$AG$222,0)) | M77: =INDEX(Countries!$AK$5:$AK$222,MATCH(17,Countries!$AG$5:$AG$222,0))
A78: =INDEX(Countries!$B$5:$B$222,MATCH(18,Countries!$AG$5:$AG$222,0)) | B78: =INDEX(Countries!$C$5:$C$222,MATCH(18,Countries!$AG$5:$AG$222,0)) | C78: =INDEX(Countries!$D$5:$D$222,MATCH(18,Countries!$AG$5:$AG$222,0)) | D78: =INDEX(Countries!$X$5:$X$222,MATCH(18,Countries!$AG$5:$AG$222,0))/1000000 | E78: =INDEX(Countries!$Y$5:$Y$222,MATCH(18,Countries!$AG$5:$AG$222,0))/1000000 | F78: =INDEX(Countries!$Z$5:$Z$222,MATCH(18,Countries!$AG$5:$AG$222,0))/1000000 | G78: =INDEX(Countries!$AA$5:$AA$222,MATCH(18,Countries!$AG$5:$AG$222,0))/1000000 | H78: =INDEX(Countries!$AB$5:$AB$222,MATCH(18,Countries!$AG$5:$AG$222,0))/1000000 | I78: =INDEX(Countries!$AC$5:$AC$222,MATCH(18,Countries!$AG$5:$AG$222,0))/1000000 | J78: =INDEX(Countries!$AD$5:$AD$222,MATCH(18,Countries!$AG$5:$AG$222,0))/1000000 | K78: =INDEX(Countries!$AE$5:$AE$222,MATCH(18,Countries!$AG$5:$AG$222,0))/1000000 | L78: =INDEX(Countries!$AF$5:$AF$222,MATCH(18,Countries!$AG$5:$AG$222,0)) | M78: =INDEX(Countries!$AK$5:$AK$222,MATCH(18,Countries!$AG$5:$AG$222,0))
A79: =INDEX(Countries!$B$5:$B$222,MATCH(19,Countries!$AG$5:$AG$222,0)) | B79: =INDEX(Countries!$C$5:$C$222,MATCH(19,Countries!$AG$5:$AG$222,0)) | C79: =INDEX(Countries!$D$5:$D$222,MATCH(19,Countries!$AG$5:$AG$222,0)) | D79: =INDEX(Countries!$X$5:$X$222,MATCH(19,Countries!$AG$5:$AG$222,0))/1000000 | E79: =INDEX(Countries!$Y$5:$Y$222,MATCH(19,Countries!$AG$5:$AG$222,0))/1000000 | F79: =INDEX(Countries!$Z$5:$Z$222,MATCH(19,Countries!$AG$5:$AG$222,0))/1000000 | G79: =INDEX(Countries!$AA$5:$AA$222,MATCH(19,Countries!$AG$5:$AG$222,0))/1000000 | H79: =INDEX(Countries!$AB$5:$AB$222,MATCH(19,Countries!$AG$5:$AG$222,0))/1000000 | I79: =INDEX(Countries!$AC$5:$AC$222,MATCH(19,Countries!$AG$5:$AG$222,0))/1000000 | J79: =INDEX(Countries!$AD$5:$AD$222,MATCH(19,Countries!$AG$5:$AG$222,0))/1000000 | K79: =INDEX(Countries!$AE$5:$AE$222,MATCH(19,Countries!$AG$5:$AG$222,0))/1000000 | L79: =INDEX(Countries!$AF$5:$AF$222,MATCH(19,Countries!$AG$5:$AG$222,0)) | M79: =INDEX(Countries!$AK$5:$AK$222,MATCH(19,Countries!$AG$5:$AG$222,0))
A80: =INDEX(Countries!$B$5:$B$222,MATCH(20,Countries!$AG$5:$AG$222,0)) | B80: =INDEX(Countries!$C$5:$C$222,MATCH(20,Countries!$AG$5:$AG$222,0)) | C80: =INDEX(Countries!$D$5:$D$222,MATCH(20,Countries!$AG$5:$AG$222,0)) | D80: =INDEX(Countries!$X$5:$X$222,MATCH(20,Countries!$AG$5:$AG$222,0))/1000000 | E80: =INDEX(Countries!$Y$5:$Y$222,MATCH(20,Countries!$AG$5:$AG$222,0))/1000000 | F80: =INDEX(Countries!$Z$5:$Z$222,MATCH(20,Countries!$AG$5:$AG$222,0))/1000000 | G80: =INDEX(Countries!$AA$5:$AA$222,MATCH(20,Countries!$AG$5:$AG$222,0))/1000000 | H80: =INDEX(Countries!$AB$5:$AB$222,MATCH(20,Countries!$AG$5:$AG$222,0))/1000000 | I80: =INDEX(Countries!$AC$5:$AC$222,MATCH(20,Countries!$AG$5:$AG$222,0))/1000000 | J80: =INDEX(Countries!$AD$5:$AD$222,MATCH(20,Countries!$AG$5:$AG$222,0))/1000000 | K80: =INDEX(Countries!$AE$5:$AE$222,MATCH(20,Countries!$AG$5:$AG$222,0))/1000000 | L80: =INDEX(Countries!$AF$5:$AF$222,MATCH(20,Countries!$AG$5:$AG$222,0)) | M80: =INDEX(Countries!$AK$5:$AK$222,MATCH(20,Countries!$AG$5:$AG$222,0))
A81: =INDEX(Countries!$B$5:$B$222,MATCH(21,Countries!$AG$5:$AG$222,0)) | B81: =INDEX(Countries!$C$5:$C$222,MATCH(21,Countries!$AG$5:$AG$222,0)) | C81: =INDEX(Countries!$D$5:$D$222,MATCH(21,Countries!$AG$5:$AG$222,0)) | D81: =INDEX(Countries!$X$5:$X$222,MATCH(21,Countries!$AG$5:$AG$222,0))/1000000 | E81: =INDEX(Countries!$Y$5:$Y$222,MATCH(21,Countries!$AG$5:$AG$222,0))/1000000 | F81: =INDEX(Countries!$Z$5:$Z$222,MATCH(21,Countries!$AG$5:$AG$222,0))/1000000 | G81: =INDEX(Countries!$AA$5:$AA$222,MATCH(21,Countries!$AG$5:$AG$222,0))/1000000 | H81: =INDEX(Countries!$AB$5:$AB$222,MATCH(21,Countries!$AG$5:$AG$222,0))/1000000 | I81: =INDEX(Countries!$AC$5:$AC$222,MATCH(21,Countries!$AG$5:$AG$222,0))/1000000 | J81: =INDEX(Countries!$AD$5:$AD$222,MATCH(21,Countries!$AG$5:$AG$222,0))/1000000 | K81: =INDEX(Countries!$AE$5:$AE$222,MATCH(21,Countries!$AG$5:$AG$222,0))/1000000 | L81: =INDEX(Countries!$AF$5:$AF$222,MATCH(21,Countries!$AG$5:$AG$222,0)) | M81: =INDEX(Countries!$AK$5:$AK$222,MATCH(21,Countries!$AG$5:$AG$222,0))
A82: =INDEX(Countries!$B$5:$B$222,MATCH(22,Countries!$AG$5:$AG$222,0)) | B82: =INDEX(Countries!$C$5:$C$222,MATCH(22,Countries!$AG$5:$AG$222,0)) | C82: =INDEX(Countries!$D$5:$D$222,MATCH(22,Countries!$AG$5:$AG$222,0)) | D82: =INDEX(Countries!$X$5:$X$222,MATCH(22,Countries!$AG$5:$AG$222,0))/1000000 | E82: =INDEX(Countries!$Y$5:$Y$222,MATCH(22,Countries!$AG$5:$AG$222,0))/1000000 | F82: =INDEX(Countries!$Z$5:$Z$222,MATCH(22,Countries!$AG$5:$AG$222,0))/1000000 | G82: =INDEX(Countries!$AA$5:$AA$222,MATCH(22,Countries!$AG$5:$AG$222,0))/1000000 | H82: =INDEX(Countries!$AB$5:$AB$222,MATCH(22,Countries!$AG$5:$AG$222,0))/1000000 | I82: =INDEX(Countries!$AC$5:$AC$222,MATCH(22,Countries!$AG$5:$AG$222,0))/1000000 | J82: =INDEX(Countries!$AD$5:$AD$222,MATCH(22,Countries!$AG$5:$AG$222,0))/1000000 | K82: =INDEX(Countries!$AE$5:$AE$222,MATCH(22,Countries!$AG$5:$AG$222,0))/1000000 | L82: =INDEX(Countries!$AF$5:$AF$222,MATCH(22,Countries!$AG$5:$AG$222,0)) | M82: =INDEX(Countries!$AK$5:$AK$222,MATCH(22,Countries!$AG$5:$AG$222,0))
A83: =INDEX(Countries!$B$5:$B$222,MATCH(23,Countries!$AG$5:$AG$222,0)) | B83: =INDEX(Countries!$C$5:$C$222,MATCH(23,Countries!$AG$5:$AG$222,0)) | C83: =INDEX(Countries!$D$5:$D$222,MATCH(23,Countries!$AG$5:$AG$222,0)) | D83: =INDEX(Countries!$X$5:$X$222,MATCH(23,Countries!$AG$5:$AG$222,0))/1000000 | E83: =INDEX(Countries!$Y$5:$Y$222,MATCH(23,Countries!$AG$5:$AG$222,0))/1000000 | F83: =INDEX(Countries!$Z$5:$Z$222,MATCH(23,Countries!$AG$5:$AG$222,0))/1000000 | G83: =INDEX(Countries!$AA$5:$AA$222,MATCH(23,Countries!$AG$5:$AG$222,0))/1000000 | H83: =INDEX(Countries!$AB$5:$AB$222,MATCH(23,Countries!$AG$5:$AG$222,0))/1000000 | I83: =INDEX(Countries!$AC$5:$AC$222,MATCH(23,Countries!$AG$5:$AG$222,0))/1000000 | J83: =INDEX(Countries!$AD$5:$AD$222,MATCH(23,Countries!$AG$5:$AG$222,0))/1000000 | K83: =INDEX(Countries!$AE$5:$AE$222,MATCH(23,Countries!$AG$5:$AG$222,0))/1000000 | L83: =INDEX(Countries!$AF$5:$AF$222,MATCH(23,Countries!$AG$5:$AG$222,0)) | M83: =INDEX(Countries!$AK$5:$AK$222,MATCH(23,Countries!$AG$5:$AG$222,0))
A84: =INDEX(Countries!$B$5:$B$222,MATCH(24,Countries!$AG$5:$AG$222,0)) | B84: =INDEX(Countries!$C$5:$C$222,MATCH(24,Countries!$AG$5:$AG$222,0)) | C84: =INDEX(Countries!$D$5:$D$222,MATCH(24,Countries!$AG$5:$AG$222,0)) | D84: =INDEX(Countries!$X$5:$X$222,MATCH(24,Countries!$AG$5:$AG$222,0))/1000000 | E84: =INDEX(Countries!$Y$5:$Y$222,MATCH(24,Countries!$AG$5:$AG$222,0))/1000000 | F84: =INDEX(Countries!$Z$5:$Z$222,MATCH(24,Countries!$AG$5:$AG$222,0))/1000000 | G84: =INDEX(Countries!$AA$5:$AA$222,MATCH(24,Countries!$AG$5:$AG$222,0))/1000000 | H84: =INDEX(Countries!$AB$5:$AB$222,MATCH(24,Countries!$AG$5:$AG$222,0))/1000000 | I84: =INDEX(Countries!$AC$5:$AC$222,MATCH(24,Countries!$AG$5:$AG$222,0))/1000000 | J84: =INDEX(Countries!$AD$5:$AD$222,MATCH(24,Countries!$AG$5:$AG$222,0))/1000000 | K84: =INDEX(Countries!$AE$5:$AE$222,MATCH(24,Countries!$AG$5:$AG$222,0))/1000000 | L84: =INDEX(Countries!$AF$5:$AF$222,MATCH(24,Countries!$AG$5:$AG$222,0)) | M84: =INDEX(Countries!$AK$5:$AK$222,MATCH(24,Countries!$AG$5:$AG$222,0))
A85: =INDEX(Countries!$B$5:$B$222,MATCH(25,Countries!$AG$5:$AG$222,0)) | B85: =INDEX(Countries!$C$5:$C$222,MATCH(25,Countries!$AG$5:$AG$222,0)) | C85: =INDEX(Countries!$D$5:$D$222,MATCH(25,Countries!$AG$5:$AG$222,0)) | D85: =INDEX(Countries!$X$5:$X$222,MATCH(25,Countries!$AG$5:$AG$222,0))/1000000 | E85: =INDEX(Countries!$Y$5:$Y$222,MATCH(25,Countries!$AG$5:$AG$222,0))/1000000 | F85: =INDEX(Countries!$Z$5:$Z$222,MATCH(25,Countries!$AG$5:$AG$222,0))/1000000 | G85: =INDEX(Countries!$AA$5:$AA$222,MATCH(25,Countries!$AG$5:$AG$222,0))/1000000 | H85: =INDEX(Countries!$AB$5:$AB$222,MATCH(25,Countries!$AG$5:$AG$222,0))/1000000 | I85: =INDEX(Countries!$AC$5:$AC$222,MATCH(25,Countries!$AG$5:$AG$222,0))/1000000 | J85: =INDEX(Countries!$AD$5:$AD$222,MATCH(25,Countries!$AG$5:$AG$222,0))/1000000 | K85: =INDEX(Countries!$AE$5:$AE$222,MATCH(25,Countries!$AG$5:$AG$222,0))/1000000 | L85: =INDEX(Countries!$AF$5:$AF$222,MATCH(25,Countries!$AG$5:$AG$222,0)) | M85: =INDEX(Countries!$AK$5:$AK$222,MATCH(25,Countries!$AG$5:$AG$222,0))
A87: 6. AI adoption — share of people aged 15-64 who used a generative AI product (Microsoft AI Diffusion Report, Q2 2026 = June 2026)
A88: AI users = Microsoft AI user share x World Bank 2025 population aged 15-64. Economies Microsoft does not measure are left out (not imputed); "AI user share" is users / 15-64 population of the measured economies.
A90: 6a. By region
B91: Pop 15-64 (M) | C91: 15-64 where measured (M) | D91: Coverage | E91: AI users (M) | F91: AI user share | G91: Economies measured | H91: Economies
A92: East Asia & Pacific | B92: =SUMIFS(Countries!$AL$5:$AL$222,Countries!$C$5:$C$222,"East Asia & Pacific")/1000000 | C92: =SUMIFS(Countries!$AQ$5:$AQ$222,Countries!$C$5:$C$222,"East Asia & Pacific")/1000000 | D92: =IF(B92>0,C92/B92,0) | E92: =SUMIFS(Countries!$AP$5:$AP$222,Countries!$C$5:$C$222,"East Asia & Pacific")/1000000 | F92: =IF(C92>0,E92/C92,0) | G92: =COUNTIFS(Countries!$C$5:$C$222,"East Asia & Pacific",Countries!$AN$5:$AN$222,">0") | H92: =COUNTIFS(Countries!$C$5:$C$222,"East Asia & Pacific")
A93: South Asia | B93: =SUMIFS(Countries!$AL$5:$AL$222,Countries!$C$5:$C$222,"South Asia")/1000000 | C93: =SUMIFS(Countries!$AQ$5:$AQ$222,Countries!$C$5:$C$222,"South Asia")/1000000 | D93: =IF(B93>0,C93/B93,0) | E93: =SUMIFS(Countries!$AP$5:$AP$222,Countries!$C$5:$C$222,"South Asia")/1000000 | F93: =IF(C93>0,E93/C93,0) | G93: =COUNTIFS(Countries!$C$5:$C$222,"South Asia",Countries!$AN$5:$AN$222,">0") | H93: =COUNTIFS(Countries!$C$5:$C$222,"South Asia")
A94: Sub-Saharan Africa | B94: =SUMIFS(Countries!$AL$5:$AL$222,Countries!$C$5:$C$222,"Sub-Saharan Africa")/1000000 | C94: =SUMIFS(Countries!$AQ$5:$AQ$222,Countries!$C$5:$C$222,"Sub-Saharan Africa")/1000000 | D94: =IF(B94>0,C94/B94,0) | E94: =SUMIFS(Countries!$AP$5:$AP$222,Countries!$C$5:$C$222,"Sub-Saharan Africa")/1000000 | F94: =IF(C94>0,E94/C94,0) | G94: =COUNTIFS(Countries!$C$5:$C$222,"Sub-Saharan Africa",Countries!$AN$5:$AN$222,">0") | H94: =COUNTIFS(Countries!$C$5:$C$222,"Sub-Saharan Africa")
A95: Europe & Central Asia | B95: =SUMIFS(Countries!$AL$5:$AL$222,Countries!$C$5:$C$222,"Europe & Central Asia")/1000000 | C95: =SUMIFS(Countries!$AQ$5:$AQ$222,Countries!$C$5:$C$222,"Europe & Central Asia")/1000000 | D95: =IF(B95>0,C95/B95,0) | E95: =SUMIFS(Countries!$AP$5:$AP$222,Countries!$C$5:$C$222,"Europe & Central Asia")/1000000 | F95: =IF(C95>0,E95/C95,0) | G95: =COUNTIFS(Countries!$C$5:$C$222,"Europe & Central Asia",Countries!$AN$5:$AN$222,">0") | H95: =COUNTIFS(Countries!$C$5:$C$222,"Europe & Central Asia")
A96: Middle East, North Africa, Afghanistan & Pakistan | B96: =SUMIFS(Countries!$AL$5:$AL$222,Countries!$C$5:$C$222,"Middle East, North Africa, Afghanistan & Pakistan")/1000000 | C96: =SUMIFS(Countries!$AQ$5:$AQ$222,Countries!$C$5:$C$222,"Middle East, North Africa, Afghanistan & Pakistan")/1000000 | D96: =IF(B96>0,C96/B96,0) | E96: =SUMIFS(Countries!$AP$5:$AP$222,Countries!$C$5:$C$222,"Middle East, North Africa, Afghanistan & Pakistan")/1000000 | F96: =IF(C96>0,E96/C96,0) | G96: =COUNTIFS(Countries!$C$5:$C$222,"Middle East, North Africa, Afghanistan & Pakistan",Countries!$AN$5:$AN$222,">0") | H96: =COUNTIFS(Countries!$C$5:$C$222,"Middle East, North Africa, Afghanistan & Pakistan")
A97: Latin America & Caribbean | B97: =SUMIFS(Countries!$AL$5:$AL$222,Countries!$C$5:$C$222,"Latin America & Caribbean")/1000000 | C97: =SUMIFS(Countries!$AQ$5:$AQ$222,Countries!$C$5:$C$222,"Latin America & Caribbean")/1000000 | D97: =IF(B97>0,C97/B97,0) | E97: =SUMIFS(Countries!$AP$5:$AP$222,Countries!$C$5:$C$222,"Latin America & Caribbean")/1000000 | F97: =IF(C97>0,E97/C97,0) | G97: =COUNTIFS(Countries!$C$5:$C$222,"Latin America & Caribbean",Countries!$AN$5:$AN$222,">0") | H97: =COUNTIFS(Countries!$C$5:$C$222,"Latin America & Caribbean")
A98: North America | B98: =SUMIFS(Countries!$AL$5:$AL$222,Countries!$C$5:$C$222,"North America")/1000000 | C98: =SUMIFS(Countries!$AQ$5:$AQ$222,Countries!$C$5:$C$222,"North America")/1000000 | D98: =IF(B98>0,C98/B98,0) | E98: =SUMIFS(Countries!$AP$5:$AP$222,Countries!$C$5:$C$222,"North America")/1000000 | F98: =IF(C98>0,E98/C98,0) | G98: =COUNTIFS(Countries!$C$5:$C$222,"North America",Countries!$AN$5:$AN$222,">0") | H98: =COUNTIFS(Countries!$C$5:$C$222,"North America")
A99: World | B99: =SUM(B92:B98) | C99: =SUM(C92:C98) | D99: =C99/B99 | E99: =SUM(E92:E98) | F99: =E99/C99 | G99: =SUM(G92:G98) | H99: =SUM(H92:H98)
A101: 6b. By income level
B102: Pop 15-64 (M) | C102: 15-64 where measured (M) | D102: Coverage | E102: AI users (M) | F102: AI user share | G102: Economies measured | H102: Economies
A103: High income | B103: =SUMIFS(Countries!$AL$5:$AL$222,Countries!$D$5:$D$222,"High income")/1000000 | C103: =SUMIFS(Countries!$AQ$5:$AQ$222,Countries!$D$5:$D$222,"High income")/1000000 | D103: =IF(B103>0,C103/B103,0) | E103: =SUMIFS(Countries!$AP$5:$AP$222,Countries!$D$5:$D$222,"High income")/1000000 | F103: =IF(C103>0,E103/C103,0) | G103: =COUNTIFS(Countries!$D$5:$D$222,"High income",Countries!$AN$5:$AN$222,">0") | H103: =COUNTIFS(Countries!$D$5:$D$222,"High income")
A104: Upper middle income | B104: =SUMIFS(Countries!$AL$5:$AL$222,Countries!$D$5:$D$222,"Upper middle income")/1000000 | C104: =SUMIFS(Countries!$AQ$5:$AQ$222,Countries!$D$5:$D$222,"Upper middle income")/1000000 | D104: =IF(B104>0,C104/B104,0) | E104: =SUMIFS(Countries!$AP$5:$AP$222,Countries!$D$5:$D$222,"Upper middle income")/1000000 | F104: =IF(C104>0,E104/C104,0) | G104: =COUNTIFS(Countries!$D$5:$D$222,"Upper middle income",Countries!$AN$5:$AN$222,">0") | H104: =COUNTIFS(Countries!$D$5:$D$222,"Upper middle income")
A105: Lower middle income | B105: =SUMIFS(Countries!$AL$5:$AL$222,Countries!$D$5:$D$222,"Lower middle income")/1000000 | C105: =SUMIFS(Countries!$AQ$5:$AQ$222,Countries!$D$5:$D$222,"Lower middle income")/1000000 | D105: =IF(B105>0,C105/B105,0) | E105: =SUMIFS(Countries!$AP$5:$AP$222,Countries!$D$5:$D$222,"Lower middle income")/1000000 | F105: =IF(C105>0,E105/C105,0) | G105: =COUNTIFS(Countries!$D$5:$D$222,"Lower middle income",Countries!$AN$5:$AN$222,">0") | H105: =COUNTIFS(Countries!$D$5:$D$222,"Lower middle income")
A106: Low income | B106: =SUMIFS(Countries!$AL$5:$AL$222,Countries!$D$5:$D$222,"Low income")/1000000 | C106: =SUMIFS(Countries!$AQ$5:$AQ$222,Countries!$D$5:$D$222,"Low income")/1000000 | D106: =IF(B106>0,C106/B106,0) | E106: =SUMIFS(Countries!$AP$5:$AP$222,Countries!$D$5:$D$222,"Low income")/1000000 | F106: =IF(C106>0,E106/C106,0) | G106: =COUNTIFS(Countries!$D$5:$D$222,"Low income",Countries!$AN$5:$AN$222,">0") | H106: =COUNTIFS(Countries!$D$5:$D$222,"Low income")
A107: World | B107: =SUM(B103:B106) | C107: =SUM(C103:C106) | D107: =C107/B107 | E107: =SUM(E103:E106) | F107: =E107/C107 | G107: =SUM(G103:G106) | H107: =SUM(H103:H106)
A109: 6c. China cross-check — official CNNIC figures (Microsoft notes its telemetry undercounts China)
...

Sheet Age pyramid
A1: World population by 5-year age group and sex, 2025 (millions)
A2: Inputs: World Bank SP.POP.<bin>.FE/.MA for WLD. Both-sexes column cross-checks to the Countries sheet.
A4: Age | B4: Female | C4: Male | D4: Both sexes | E4: % of world | F4: Male per 100 female | G4: Countries sheet | H4: Diff
A5: 0-4 | B5: 313.3979 | C5: 329.2907 | D5: =B5+C5 | E5: =D5/$D$22 | F5: =C5/B5*100 | G5: =Countries!E223/1000000 | H5: =G5-D5
A6: 5-9 | B6: 328.4388 | C6: 347.5716 | D6: =B6+C6 | E6: =D6/$D$22 | F6: =C6/B6*100 | G6: =Countries!F223/1000000 | H6: =G6-D6
A7: 10-14 | B7: 332.4786 | C7: 354.1303 | D7: =B7+C7 | E7: =D7/$D$22 | F7: =C7/B7*100 | G7: =Countries!G223/1000000 | H7: =G7-D7
A8: 15-19 | B8: 318.4854 | C8: 339.5049 | D8: =B8+C8 | E8: =D8/$D$22 | F8: =C8/B8*100 | G8: =Countries!H223/1000000 | H8: =G8-D8
A9: 20-24 | B9: 302.211 | C9: 320.8436 | D9: =B9+C9 | E9: =D9/$D$22 | F9: =C9/B9*100 | G9: =Countries!I223/1000000 | H9: =G9-D9
A10: 25-29 | B10: 291.891 | C10: 309.4862 | D10: =B10+C10 | E10: =D10/$D$22 | F10: =C10/B10*100 | G10: =Countries!J223/1000000 | H10: =G10-D10
A11: 30-34 | B11: 291.0482 | C11: 307.2469 | D11: =B11+C11 | E11: =D11/$D$22 | F11: =C11/B11*100 | G11: =Countries!K223/1000000 | H11: =G11-D11
A12: 35-39 | B12: 292.7822 | C12: 305.937 | D12: =B12+C12 | E12: =D12/$D$22 | F12: =C12/B12*100 | G12: =Countries!L223/1000000 | H12: =G12-D12
A13: 40-44 | B13: 267.3762 | C13: 275.4249 | D13: =B13+C13 | E13: =D13/$D$22 | F13: =C13/B13*100 | G13: =Countries!M223/1000000 | H13: =G13-D13
A14: 45-49 | B14: 238.9745 | C14: 242.7877 | D14: =B14+C14 | E14: =D14/$D$22 | F14: =C14/B14*100 | G14: =Countries!N223/1000000 | H14: =G14-D14
A15: 50-54 | B15: 231.5279 | C15: 230.8924 | D15: =B15+C15 | E15: =D15/$D$22 | F15: =C15/B15*100 | G15: =Countries!O223/1000000 | H15: =G15-D15
A16: 55-59 | B16: 214.9007 | C16: 209.4197 | D16: =B16+C16 | E16: =D16/$D$22 | F16: =C16/B16*100 | G16: =Countries!P223/1000000 | H16: =G16-D16
A17: 60-64 | B17: 187.6796 | C17: 177.0931 | D17: =B17+C17 | E17: =D17/$D$22 | F17: =C17/B17*100 | G17: =Countries!Q223/1000000 | H17: =G17-D17
A18: 65-69 | B18: 154.7269 | C18: 138.7109 | D18: =B18+C18 | E18: =D18/$D$22 | F18: =C18/B18*100 | G18: =Countries!R223/1000000 | H18: =G18-D18
A19: 70-74 | B19: 127.9945 | C19: 107.4061 | D19: =B19+C19 | E19: =D19/$D$22 | F19: =C19/B19*100 | G19: =Countries!S223/1000000 | H19: =G19-D19
A20: 75-79 | B20: 88.3747 | C20: 69.3915 | D20: =B20+C20 | E20: =D20/$D$22 | F20: =C20/B20*100 | G20: =Countries!T223/1000000 | H20: =G20-D20
A21: 80+ | B21: 103.4603 | C21: 64.5391 | D21: =B21+C21 | E21: =D21/$D$22 | F21: =C21/B21*100 | G21: =Countries!U223/1000000 | H21: =G21-D21
A22: Total | B22: =SUM(B5:B21) | C22: =SUM(C5:C21) | D22: =SUM(D5:D21) | F22: =C22/B22*100 | G22: =SUM(G5:G21) | H22: =SUM(H5:H21)

Sheet Countries
A1: Population by country, 2025 (people) — World Bank WDI
A2: Blue = World Bank inputs (people). Black = formulas. Age bands/total/% on the right recalc from the 5-year bins.
A4: ISO3 | B4: Country | C4: Region (World Bank) | D4: Income level (World Bank FY27) | E4: 0-4 | F4: 5-9 | G4: 10-14 | H4: 15-19 | I4: 20-24 | J4: 25-29 | K4: 30-34 | L4: 35-39 | M4: 40-44 | N4: 45-49 | O4: 50-54 | P4: 55-59 | Q4: 60-64 | R4: 65-69 | S4: 70-74 | T4: 75-79 | U4: 80+ | V4: Female | W4: Male | X4: 0-14 | Y4: 15-24 | Z4: 25-34 | AA4: 35-44 | AB4: 45-54 | AC4: 55-64 | AD4: 65+ | AE4: Total | AF4: % of world | AG4: Rank | AH4: 2024 total | AI4: y/y growth | AJ4: GDP/capita (US$) | AK4: Median age (est.) | AL4: Pop 15-64 | AM4: AI user share H1 2025 (Microsoft) | AN4: AI user share Q2 2026 (Microsoft) | AO4: Change, pp | AP4: AI users 15-64, Q2 2026 | AQ4: 15-64 pop where measured | AR4: National source: share (as published) | AS4: Share of | AT4: Age range | AU4: Internet use rate applied | AV4: Pop in age range (WB 2025) | AW4: Users stated by source | AX4: National: AI users | AY4: National: users / pop in age range | AZ4: Tier | BA4: Counted in totals | BB4: National: users counted (A/B) | BC4: Microsoft users, same economies | BD4: Best available: national (A/B) else Microsoft | BE4: Measure | BF4: Period | BG4: Source | BH4: URL
A5: IND | B5: India | C5: South Asia | D5: Lower middle income | E5: 113100739 | F5: 117849385 | G5: 123236045 | H5: 126709180 | I5: 129802301 | J5: 125442776 | K5: 119778229 | L5: 113171272 | M5: 102039924 | N5: 88399551 | O5: 76959688 | P5: 65130783 | Q5: 54262569 | R5: 42982194 | S5: 30844609 | T5: 17977753 | U5: 16178530 | V5: 709090081 | W5: 754775447 | X5: =SUM(E5:G5) | Y5: =SUM(H5:I5) | Z5: =SUM(J5:K5) | AA5: =SUM(L5:M5) | AB5: =SUM(N5:O5) | AC5: =SUM(P5:Q5) | AD5: =SUM(R5:U5) | AE5: =SUM(X5:AD5) | AF5: =AE5/SUM($AE$5:$AE$222) | AG5: =RANK(AE5,$AE$5:$AE$222) | AH5: 1450935791 | AI5: =IF(AH5>0,AE5/AH5-1,"") | AJ5: 2702 | AK5: =IF(SUM($E5:E5)>=AE5/2,0+5*(AE5/2-0)/E5,IF(SUM($E5:F5)>=AE5/2,5+5*(AE5/2-SUM($E5:E5))/F5,IF(SUM($E5:G5)>=AE5/2,10+5*(AE5/2-SUM($E5:F5))/G5,IF(SUM($E5:H5)>=AE5/2,15+5*(AE5/2-SUM($E5:G5))/H5,IF(SUM($E5:I5)>=AE5/2,20+5*(AE5/2-SUM($E5:H5))/I5,IF(SUM($E5:J5)>=AE5/2,25+5*(AE5/2-SUM($E5:I5))/J5,IF(SUM($E5:K5)>=AE5/2,30+5*(AE5/2-SUM($E5:J5))/K5,IF(SUM($E5:L5)>=AE5/2,35+5*(AE5/2-SUM($E5:K5))/L5,IF(SUM($E5:M5)>=AE5/2,40+5*(AE5/2-SUM($E5:L5))/M5,IF(SUM($E5:N5)>=AE5/2,45+5*(AE5/2-SUM($E5:M5))/N5,IF(SUM($E5:O5)>=AE5/2,50+5*(AE5/2-SUM($E5:N5))/O5,IF(SUM($E5:P5)>=AE5/2,55+5*(AE5/2-SUM($E5:O5))/P5,IF(SUM($E5:Q5)>=AE5/2,60+5*(AE5/2-SUM($E5:P5))/Q5,IF(SUM($E5:R5)>=AE5/2,65+5*(AE5/2-SUM($E5:Q5))/R5,IF(SUM($E5:S5)>=AE5/2,70+5*(AE5/2-SUM($E5:R5))/S5,IF(SUM($E5:T5)>=AE5/2,75+5*(AE5/2-SUM($E5:S5))/T5,"")))))))))))))))) | AL5: =SUM(H5:Q5) | AM5: 0.142 | AN5: 0.185 | AO5: =IF(AND(ISNUMBER(AN5),ISNUMBER(AM5)),(AN5-AM5)*100,"") | AP5: =IF(ISNUMBER(AN5),AN5*AL5,"") | AQ5: =IF(ISNUMBER(AN5),AL5,0) | AR5: 0.671 | AS5: population | AT5: 18-64 | AU5: 1 | AV5: =H5*0.4+I5+J5+K5+L5+M5+N5+O5+P5+Q5 | AX5: =IF(ISNUMBER(AW5),AW5,AR5*AU5*AV5) | AY5: =AX5/AV5 | AZ5: C | BA5: No | BB5: =IF(BA5="Yes",AX5,0) | BC5: =IF(AND(BA5="Yes",ISNUMBER(AP5)),AP5,0) | BD5: =IF(BA5="Yes",AX5,IF(ISNUMBER(AP5),AP5,0)) | BE5: Use generative AI at work or outside work | BF5: January-February 2026 (online crowd-worker panel + rural Uttar Pradesh, n=1,795) | BG5: Rutgers University (K. Garimella): Generative AI Adoption in India (working paper) | BH5: http://gvrkiran.github.io/content/GenerativeAI_India_Survey.pdf
A6: CHN | B6: China | C6: East Asia & Pacific | D6: Upper middle income | E6: 47200976 | F6: 79780359 | G6: 89735308 | H6: 84092471 | I6: 78296304 | J6: 82248431 | K6: 97934186 | L6: 120712368 | M6: 101808351 | N6: 91740322 | O6: 114306611 | P6: 115880929 | Q6: 93106428 | R6: 69581264 | S6: 64697646 | T6: 38789301 | U6: 36673748 | V6: 690538987 | W6: 716046016 | X6: =SUM(E6:G6) | Y6: =SUM(H6:I6) | Z6: =SUM(J6:K6) | AA6: =SUM(L6:M6) | AB6: =SUM(N6:O6) | AC6: =SUM(P6:Q6) | AD6: =SUM(R6:U6) | AE6: =SUM(X6:AD6) | AF6: =AE6/SUM($AE$5:$AE$222) | AG6: =RANK(AE6,$AE$5:$AE$222) | AH6: 1408975000 | AI6: =IF(AH6>0,AE6/AH6-1,"") | AJ6: 13862 | AK6: =IF(SUM($E6:E6)>=AE6/2,0+5*(AE6/2-0)/E6,IF(SUM($E6:F6)>=AE6/2,5+5*(AE6/2-SUM($E6:E6))/F6,IF(SUM($E6:G6)>=AE6/2,10+5*(AE6/2-SUM($E6:F6))/G6,IF(SUM($E6:H6)>=AE6/2,15+5*(AE6/2-SUM($E6:G6))/H6,IF(SUM($E6:I6)>=AE6/2,20+5*(AE6/2-SUM($E6:H6))/I6,IF(SUM($E6:J6)>=AE6/2,25+5*(AE6/2-SUM($E6:I6))/J6,IF(SUM($E6:K6)>=AE6/2,30+5*(AE6/2-SUM($E6:J6))/K6,IF(SUM($E6:L6)>=AE6/2,35+5*(AE6/2-SUM($E6:K6))/L6,IF(SUM($E6:M6)>=AE6/2,40+5*(AE6/2-SUM($E6:L6))/M6,IF(SUM($E6:N6)>=AE6/2,45+5*(AE6/2-SUM($E6:M6))/N6,IF(SUM($E6:O6)>=AE6/2,50+5*(AE6/2-SUM($E6:N6))/O6,IF(SUM($E6:P6)>=AE6/2,55+5*(AE6/2-SUM($E6:O6))/P6,IF(SUM($E6:Q6)>=AE6/2,60+5*(AE6/2-SUM($E6:P6))/Q6,IF(SUM($E6:R6)>=AE6/2,65+5*(AE6/2-SUM($E6:Q6))/R6,IF(SUM($E6:S6)>=AE6/2,70+5*(AE6/2-SUM($E6:R6))/S6,IF(SUM($E6:T6)>=AE6/2,75+5*(AE6/2-SUM($E6:S6))/T6,"")))))))))))))))) | AL6: =SUM(H6:Q6) | AM6: 0.154 | AN6: 0.175 | AO6: =IF(AND(ISNUMBER(AN6),ISNUMBER(AM6)),(AN6-AM6)*100,"") | AP6: =IF(ISNUMBER(AN6),AN6*AL6,"") | AQ6: =IF(ISNUMBER(AN6),AL6,0) | AR6: 0.428 | AS6: population | AT6: 0+ | AU6: 1 | AV6: =E6+F6+G6+H6+I6+J6+K6+L6+M6+N6+O6+P6+Q6+R6+S6+T6+U6 | AW6: 602000000 | AX6: =IF(ISNUMBER(AW6),AW6,AR6*AU6*AV6) | AY6: =AX6/AV6 | AZ6: A | BA6: Yes | BB6: =IF(BA6="Yes",AX6,0) | BC6: =IF(AND(BA6="Yes",ISNUMBER(AP6)),AP6,0) | BD6: =IF(BA6="Yes",AX6,IF(ISNUMBER(AP6),AP6,0)) | BE6: Used a generative AI product or service in the past six months (share of the whole population; respondents aged 6+) | BF6: December 2025 (half-yearly telephone survey) | BG6: CNNIC (China Internet Network Information Center): 57th Statistical Report on China's Internet Development, ch. 4 | BH6: https://www.cnnic.cn/NMediaFile/2026/0304/MAIN1772588317069TUXN3827X8.pdf
A7: USA | B7: United States | C7: North America | D7: High income | E7: 18280839 | F7: 19432529 | G7: 20728567 | H7: 22468037 | I7: 22697165 | J7: 22283311 | K7: 23589133 | L7: 23728496 | M7: 22846638 | N7: 21117033 | O7: 20181881 | P7: 20389477 | Q7: 21197000 | R7: 19742816 | S7: 16259262 | T7: 12495721 | U7: 14346951 | V7: 170047087 | W7: 171737769 | X7: =SUM(E7:G7) | Y7: =SUM(H7:I7) | Z7: =SUM(J7:K7) | AA7: =SUM(L7:M7) | AB7: =SUM(N7:O7) | AC7: =SUM(P7:Q7) | AD7: =SUM(R7:U7) | AE7: =SUM(X7:AD7) | AF7: =AE7/SUM($AE$5:$AE$222) | AG7: =RANK(AE7,$AE$5:$AE$222) | AH7: 340003797 | AI7: =IF(AH7>0,AE7/AH7-1,"") | AJ7: 90027 | AK7: =IF(SUM($E7:E7)>=AE7/2,0+5*(AE7/2-0)/E7,IF(SUM($E7:F7)>=AE7/2,5+5*(AE7/2-SUM($E7:E7))/F7,IF(SUM($E7:G7)>=AE7/2,10+5*(AE7/2-SUM($E7:F7))/G7,IF(SUM($E7:H7)>=AE7/2,15+5*(AE7/2-SUM($E7:G7))/H7,IF(SUM($E7:I7)>=AE7/2,20+5*(AE7/2-SUM($E7:H7))/I7,IF(SUM($E7:J7)>=AE7/2,25+5*(AE7/2-SUM($E7:I7))/J7,IF(SUM($E7:K7)>=AE7/2,30+5*(AE7/2-SUM($E7:J7))/K7,IF(SUM($E7:L7)>=AE7/2,35+5*(AE7/2-SUM($E7:K7))/L7,IF(SUM($E7:M7)>=AE7/2,40+5*(AE7/2-SUM($E7:L7))/M7,IF(SUM($E7:N7)>=AE7/2,45+5*(AE7/2-SUM($E7:M7))/N7,IF(SUM($E7:O7)>=AE7/2,50+5*(AE7/2-SUM($E7:N7))/O7,IF(SUM($E7:P7)>=AE7/2,55+5*(AE7/2-SUM($E7:O7))/P7,IF(SUM($E7:Q7)>=AE7/2,60+5*(AE7/2-SUM($E7:P7))/Q7,IF(SUM($E7:R7)>=AE7/2,65+5*(AE7/2-SUM($E7:Q7))/R7,IF(SUM($E7:S7)>=AE7/2,70+5*(AE7/2-SUM($E7:R7))/S7,IF(SUM($E7:T7)>=AE7/2,75+5*(AE7/2-SUM($E7:S7))/T7,"")))))))))))))))) | AL7: =SUM(H7:Q7) | AM7: 0.263 | AN7: 0.33 | AO7: =IF(AND(ISNUMBER(AN7),ISNUMBER(AM7)),(AN7-AM7)*100,"") | AP7: =IF(ISNUMBER(AN7),AN7*AL7,"") | AQ7: =IF(ISNUMBER(AN7),AL7,0) | AR7: 0.6178 | AS7: population | AT7: 18-64 | AU7: 1 | AV7: =H7*0.4+I7+J7+K7+L7+M7+N7+O7+P7+Q7 | AX7: =IF(ISNUMBER(AW7),AW7,AR7*AU7*AV7) | AY7: =AX7/AV7 | AZ7: B | BA7: Yes | BB7: =IF(BA7="Yes",AX7,0) | BC7: =IF(AND(BA7="Yes",ISNUMBER(AP7)),AP7,0) | BD7: =IF(BA7="Yes",AX7,IF(ISNUMBER(AP7),AP7,0)) | BE7: Use generative AI for any purpose (for work or outside work) | BF7: Q2 2026 | BG7: Federal Reserve Bank of St. Louis (Real-Time Population Survey; Bick, Blandin and Deming): FRED series RPSGENAIUSAGESHAREALL: Generative AI adoption rate overall, working-age adults | BH7: https://fred.stlouisfed.org/series/RPSGENAIUSAGESHAREALL
A8: IDN | B8: Indonesia | C8: East Asia & Pacific | D8: Upper middle income | E8: 22097071 | F8: 22828956 | G8: 24353517 | H8: 23553644 | I8: 22033791 | J8: 22039806 | K8: 21228255 | L8: 20713744 | M8: 20843679 | N8: 19394513 | O8: 17488359 | P8: 15280690 | Q8: 12313918 | R8: 9081522 | S8: 5882056 | T8: 3493972 | U8: 3093744 | V8: 142193716 | W8: 143527521 | X8: =SUM(E8:G8) | Y8: =SUM(H8:I8) | Z8: =SUM(J8:K8) | AA8: =SUM(L8:M8) | AB8: =SUM(N8:O8) | AC8: =SUM(P8:Q8) | AD8: =SUM(R8:U8) | AE8: =SUM(X8:AD8) | AF8: =AE8/SUM($AE$5:$AE$222) | AG8: =RANK(AE8,$AE$5:$AE$222) | AH8: 283487931 | AI8: =IF(AH8>0,AE8/AH8-1,"") | AJ8: 5060 | AK8: =IF(SUM($E8:E8)>=AE8/2,0+5*(AE8/2-0)/E8,IF(SUM($E8:F8)>=AE8/2,5+5*(AE8/2-SUM($E8:E8))/F8,IF(SUM($E8:G8)>=AE8/2,10+5*(AE8/2-SUM($E8:F8))/G8,IF(SUM($E8:H8)>=AE8/2,15+5*(AE8/2-SUM($E8:G8))/H8,IF(SUM($E8:I8)>=AE8/2,20+5*(AE8/2-SUM($E8:H8))/I8,IF(SUM($E8:J8)>=AE8/2,25+5*(AE8/2-SUM($E8:I8))/J8,IF(SUM($E8:K8)>=AE8/2,30+5*(AE8/2-SUM($E8:J8))/K8,IF(SUM($E8:L8)>=AE8/2,35+5*(AE8/2-SUM($E8:K8))/L8,IF(SUM($E8:M8)>=AE8/2,40+5*(AE8/2-SUM($E8:L8))/M8,IF(SUM($E8:N8)>=AE8/2,45+5*(AE8/2-SUM($E8:M8))/N8,IF(SUM($E8:O8)>=AE8/2,50+5*(AE8/2-SUM($E8:N8))/O8,IF(SUM($E8:P8)>=AE8/2,55+5*(AE8/2-SUM($E8:O8))/P8,IF(SUM($E8:Q8)>=AE8/2,60+5*(AE8/2-SUM($E8:P8))/Q8,IF(SUM($E8:R8)>=AE8/2,65+5*(AE8/2-SUM($E8:Q8))/R8,IF(SUM($E8:S8)>=AE8/2,70+5*(AE8/2-SUM($E8:R8))/S8,IF(SUM($E8:T8)>=AE8/2,75+5*(AE8/2-SUM($E8:S8))/T8,"")))))))))))))))) | AL8: =SUM(H8:Q8) | AM8: 0.117 | AN8: 0.148 | AO8: =IF(AND(ISNUMBER(AN8),ISNUMBER(AM8)),(AN8-AM8)*100,"") | AP8: =IF(ISNUMBER(AN8),AN8*AL8,"") | AQ8: =IF(ISNUMBER(AN8),AL8,0) | AR8: 0.182 | AS8: population | AT8: 13+ | AU8: 1 | AV8: =G8*0.4+H8+I8+J8+K8+L8+M8+N8+O8+P8+Q8+R8+S8+T8+U8 | AX8: =IF(ISNUMBER(AW8),AW8,AR8*AU8*AV8) | AY8: =AX8/AV8 | AZ8: A | BA8: No | BB8: =IF(BA8="Yes",AX8,0) | BC8: =IF(AND(BA8="Yes",ISNUMBER(AP8)),AP8,0) | BD8: =IF(BA8="Yes",AX8,IF(ISNUMBER(AP8),AP8,0)) | BE8: Access to artificial intelligence (any AI, including chatbots, writing tools and voice assistants) | BF8: 1 February - 15 March 2026 (face-to-face, n=8,700) | BG8: APJII (Indonesian Internet Service Providers Association): Indonesia Internet Penetration and Behaviour Survey 2026, p. 123 | BH8: https://survei.apjii.or.id/uploads/1790827973204-Survei-Penetrasi-Internet-dan-Perilaku-Penggunaan-Internet-2026.pdf
A9: PAK | B9: Pakistan | C9: Middle East, North Africa, Afghanistan & Pakistan | D9: Lower middle income | E9: 32134104 | F9: 30419761 | G9: 29948170 | H9: 27329487 | I9: 23603539 | J9: 20687491 | K9: 18010398 | L9: 15645925 | M9: 13245154 | N9: 10615101 | O9: 8806085 | P9: 7423705 | Q9: 6218304 | R9: 4729639 | S9: 3086275 | T9: 1879843 | U9: 1436566 | V9: 125904871 | W9: 129314676 | X9: =SUM(E9:G9) | Y9: =SUM(H9:I9) | Z9: =SUM(J9:K9) | AA9: =SUM(L9:M9) | AB9: =SUM(N9:O9) | AC9: =SUM(P9:Q9) | AD9: =SUM(R9:U9) | AE9: =SUM(X9:AD9) | AF9: =AE9/SUM($AE$5:$AE$222) | AG9: =RANK(AE9,$AE$5:$AE$222) | AH9: 251269164 | AI9: =IF(AH9>0,AE9/AH9-1,"") | AJ9: 1596 | AK9: =IF(SUM($E9:E9)>=AE9/2,0+5*(AE9/2-0)/E9,IF(SUM($E9:F9)>=AE9/2,5+5*(AE9/2-SUM($E9:E9))/F9,IF(SUM($E9:G9)>=AE9/2,10+5*(AE9/2-SUM($E9:F9))/G9,IF(SUM($E9:H9)>=AE9/2,15+5*(AE9/2-SUM($E9:G9))/H9,IF(SUM($E9:I9)>=AE9/2,20+5*(AE9/2-SUM($E9:H9))/I9,IF(SUM($E9:J9)>=AE9/2,25+5*(AE9/2-SUM($E9:I9))/J9,IF(SUM($E9:K9)>=AE9/2,30+5*(AE9/2-SUM($E9:J9))/K9,IF(SUM($E9:L9)>=AE9/2,35+5*(AE9/2-SUM($E9:K9))/L9,IF(SUM($E9:M9)>=AE9/2,40+5*(AE9/2-SUM($E9:L9))/M9,IF(SUM($E9:N9)>=AE9/2,45+5*(AE9/2-SUM($E9:M9))/N9,IF(SUM($E9:O9)>=AE9/2,50+5*(AE9/2-SUM($E9:N9))/O9,IF(SUM($E9:P9)>=AE9/2,55+5*(AE9/2-SUM($E9:O9))/P9,IF(SUM($E9:Q9)>=AE9/2,60+5*(AE9/2-SUM($E9:P9))/Q9,IF(SUM($E9:R9)>=AE9/2,65+5*(AE9/2-SUM($E9:Q9))/R9,IF(SUM($E9:S9)>=AE9/2,70+5*(AE9/2-SUM($E9:R9))/S9,IF(SUM($E9:T9)>=AE9/2,75+5*(AE9/2-SUM($E9:S9))/T9,"")))))))))))))))) | AL9: =SUM(H9:Q9) | AM9: 0.097 | AN9: 0.119 | AO9: =IF(AND(ISNUMBER(AN9),ISNUMBER(AM9)),(AN9-AM9)*100,"") | AP9: =IF(ISNUMBER(AN9),AN9*AL9,"") | AQ9: =IF(ISNUMBER(AN9),AL9,0) | AR9: 0.024 | AS9: population | AT9: 0+ | AU9: 1 | AV9: =E9+F9+G9+H9+I9+J9+K9+L9+M9+N9+O9+P9+Q9+R9+S9+T9+U9 | AW9: 6000000 | AX9: =IF(ISNUMBER(AW9),AW9,AR9*AU9*AV9) | AY9: =AX9/AV9 | AZ9: C | BA9: No | BB9: =IF(BA9="Yes",AX9,0) | BC9: =IF(AND(BA9="Yes",ISNUMBER(AP9)),AP9,0) | BD9: =IF(BA9="Yes",AX9,IF(ISNUMBER(AP9),AP9,0)) | BE9: Use generative AI (about 6 million users) | BF9: March 2024 (phone survey of internet users) | BG9: Ipsos Pakistan: Gen. AI in Pakistan: Knowledge, Perceptions, and Usage | BH9: https://www.ipsos.com/sites/default/files/ct/news/documents/2024-07/Gen.%20AI%20in%20Pakistan_0.pdf
A10: NGA | B10: Nigeria | C10: Sub-Saharan Africa | D10: Lower middle income | E10: 34221128 | F10: 31747790 | G10: 30276683 | H10: 26858427 | I10: 22798374 | J10: 18257168 | K10: 15162389 | L10: 12880664 | M10: 11276784 | N10: 9472830 | O10: 7339696 | P10: 5625634 | Q10: 4319218 | R10: 3163582 | S10: 2099863 | T10: 1215091 | U10: 812467 | V10: 117350047 | W10: 120177741 | X10: =SUM(E10:G10) | Y10: =SUM(H10:I10) | Z10: =SUM(J10:K10) | AA10: =SUM(L10:M10) | AB10: =SUM(N10:O10) | AC10: =SUM(P10:Q10) | AD10: =SUM(R10:U10) | AE10: =SUM(X10:AD10) | AF10: =AE10/SUM($AE$5:$AE$222) | AG10: =RANK(AE10,$AE$5:$AE$222) | AH10: 232679478 | AI10: =IF(AH10>0,AE10/AH10-1,"") | AJ10: 1224 | AK10: =IF(SUM($E10:E10)>=AE10/2,0+5*(AE10/2-0)/E10,IF(SUM($E10:F10)>=AE10/2,5+5*(AE10/2-SUM($E10:E10))/F10,IF(SUM($E10:G10)>=AE10/2,10+5*(AE10/2-SUM($E10:F10))/G10,IF(SUM($E10:H10)>=AE10/2,15+5*(AE10/2-SUM($E10:G10))/H10,IF(SUM($E10:I10)>=AE10/2,20+5*(AE10/2-SUM($E10:H10))/I10,IF(SUM($E10:J10)>=AE10/2,25+5*(AE10/2-SUM($E10:I10))/J10,IF(SUM($E10:K10)>=AE10/2,30+5*(AE10/2-SUM($E10:J10))/K10,IF(SUM($E10:L10)>=AE10/2,35+5*(AE10/2-SUM($E10:K10))/L10,IF(SUM($E10:M10)>=AE10/2,40+5*(AE10/2-SUM($E10:L10))/M10,IF(SUM($E10:N10)>=AE10/2,45+5*(AE10/2-SUM($E10:M10))/N10,IF(SUM($E10:O10)>=AE10/2,50+5*(AE10/2-SUM($E10:N10))/O10,IF(SUM($E10:P10)>=AE10/2,55+5*(AE10/2-SUM($E10:O10))/P10,IF(SUM($E10:Q10)>=AE10/2,60+5*(AE10/2-SUM($E10:P10))/Q10,IF(SUM($E10:R10)>=AE10/2,65+5*(AE10/2-SUM($E10:Q10))/R10,IF(SUM($E10:S10)>=AE10/2,70+5*(AE10/2-SUM($E10:R10))/S10,IF(SUM($E10:T10)>=AE10/2,75+5*(AE10/2-SUM($E10:S10))/T10,"")))))))))))))))) | AL10: =SUM(H10:Q10) | AM10: 0.087 | AN10: 0.104 | AO10: =IF(AND(ISNUMBER(AN10),ISNUMBER(AM10)),(AN10-AM10)*100,"") | AP10: =IF(ISNUMBER(AN10),AN10*AL10,"") | AQ10: =IF(ISNUMBER(AN10),AL10,0) | AR10: 0.2 | AS10: population | AT10: 15+ | AU10: 1 | AV10: =H10+I10+J10+K10+L10+M10+N10+O10+P10+Q10+R10+S10+T10+U10 | AX10: =IF(ISNUMBER(AW10),AW10,AR10*AU10*AV10) | AY10: =AX10/AV10 | AZ10: C | BA10: No | BB10: =IF(BA10="Yes",AX10,0) | BC10: =IF(AND(BA10="Yes",ISNUMBER(AP10)),AP10,0) | BD10: =IF(BA10="Yes",AX10,IF(ISNUMBER(AP10),AP10,0)) | BE10: Have ever used AI (daily, weekly or monthly or less) | BF10: April-July 2026 (Gallup World Poll, probability sample ~1,000) | BG10: Gallup (World Poll; research run with Microsoft): AI Optimism Globally Widespread Despite Uneven Use | BH10: https://news.gallup.com/poll/714593/optimism-globally-widespread-despite-uneven.aspx
A11: BRA | B11: Brazil | C11: Latin America & Caribbean | D11: Upper middle income | E11: 12879996 | F11: 13992561 | G11: 14384578 | H11: 14693839 | I11: 15466284 | J11: 16326070 | K11: 16012011 | L11: 16507612 | M11: 16634889 | N11: 15189013 | O11: 13356306 | P11: 11989336 | Q11: 10948325 | R11: 8928228 | S11: 6696597 | T11: 4438135 | U11: 4368627 | V11: 108154994 | W11: 104657413 | X11: =SUM(E11:G11) | Y11: =SUM(H11:I11) | Z11: =SUM(J11:K11) | AA11: =SUM(L11:M11) | AB11: =SUM(N11:O11) | AC11: =SUM(P11:Q11) | AD11: =SUM(R11:U11) | AE11: =SUM(X11:AD11) | AF11: =AE11/SUM($AE$5:$AE$222) | AG11: =RANK(AE11,$AE$5:$AE$222) | AH11: 211998573 | AI11: =IF(AH11>0,AE11/AH11-1,"") | AJ11: 10713 | AK11: =IF(SUM($E11:E11)>=AE11/2,0+5*(AE11/2-0)/E11,IF(SUM($E11:F11)>=AE11/2,5+5*(AE11/2-SUM($E11:E11))/F11,IF(SUM($E11:G11)>=AE11/2,10+5*(AE11/2-SUM($E11:F11))/G11,IF(SUM($E11:H11)>=AE11/2,15+5*(AE11/2-SUM($E11:G11))/H11,IF(SUM($E11:I11)>=AE11/2,20+5*(AE11/2-SUM($E11:H11))/I11,IF(SUM($E11:J11)>=AE11/2,25+5*(AE11/2-SUM($E11:I11))/J11,IF(SUM($E11:K11)>=AE11/2,30+5*(AE11/2-SUM($E11:J11))/K11,IF(SUM($E11:L11)>=AE11/2,35+5*(AE11/2-SUM($E11:K11))/L11,IF(SUM($E11:M11)>=AE11/2,40+5*(AE11/2-SUM($E11:L11))/M11,IF(SUM($E11:N11)>=AE11/2,45+5*(AE11/2-SUM($E11:M11))/N11,IF(SUM($E11:O11)>=AE11/2,50+5*(AE11/2-SUM($E11:N11))/O11,IF(SUM($E11:P11)>=AE11/2,55+5*(AE11/2-SUM($E11:O11))/P11,IF(SUM($E11:Q11)>=AE11/2,60+5*(AE11/2-SUM($E11:P11))/Q11,IF(SUM($E11:R11)>=AE11/2,65+5*(AE11/2-SUM($E11:Q11))/R11,IF(SUM($E11:S11)>=AE11/2,70+5*(AE11/2-SUM($E11:R11))/S11,IF(SUM($E11:T11)>=AE11/2,75+5*(AE11/2-SUM($E11:S11))/T11,"")))))))))))))))) | AL11: =SUM(H11:Q11) | AM11: 0.156 | AN11: 0.202 | AO11: =IF(AND(ISNUMBER(AN11),ISNUMBER(AM11)),(AN11-AM11)*100,"") | AP11: =IF(ISNUMBER(AN11),AN11*AL11,"") | AQ11: =IF(ISNUMBER(AN11),AL11,0) | AR11: 0.32 | AS11: internet users | AT11: 10+ | AU11: 1 | AV11: =G11+H11+I11+J11+K11+L11+M11+N11+O11+P11+Q11+R11+S11+T11+U11 | AW11: 50000000 | AX11: =IF(ISNUMBER(AW11),AW11,AR11*AU11*AV11) | AY11: =AX11/AV11 | AZ11: A | BA11: Yes | BB11: =IF(BA11="Yes",AX11,0) | BC11: =IF(AND(BA11="Yes",ISNUMBER(AP11)),AP11,0) | BD11: =IF(BA11="Yes",AX11,IF(ISNUMBER(AP11),AP11,0)) | BE11: Used generative AI tools in the three months before the survey (share of internet users aged 10+) | BF11: March-September 2025 (face-to-face household survey) | BG11: CETIC.br / NIC.br (runs Brazil's official household ICT survey): TIC Domicilios 2025, executive summary | BH11: https://www.cetic.br/media/docs/publicacoes/2/pt-br/20260511173151/tic_domicilios_2025_resumoexecutivo%20pt.pdf
A12: BGD | B12: Bangladesh | C12: South Asia | D12: Lower middle income | E12: 16831404 | F12: 15775080 | G12: 15963465 | H12: 16947603 | I12: 16305496 | J12: 15136342 | K12: 13612547 | L12: 12424100 | M12: 11963002 | N12: 9240182 | O12: 7834688 | P12: 6566376 | Q12: 5371067 | R12: 4301863 | S12: 3283502 | T12: 2115696 | U12: 2014483 | V12: 89320167 | W12: 86366729 | X12: =SUM(E12:G12) | Y12: =SUM(H12:I12) | Z12: =SUM(J12:K12) | AA12: =SUM(L12:M12) | AB12: =SUM(N12:O12) | AC12: =SUM(P12:Q12) | AD12: =SUM(R12:U12) | AE12: =SUM(X12:AD12) | AF12: =AE12/SUM($AE$5:$AE$222) | AG12: =RANK(AE12,$AE$5:$AE$222) | AH12: 173562364 | AI12: =IF(AH12>0,AE12/AH12-1,"") | AJ12: 2597 | AK12: =IF(SUM($E12:E12)>=AE12/2,0+5*(AE12/2-0)/E12,IF(SUM($E12:F12)>=AE12/2,5+5*(AE12/2-SUM($E12:E12))/F12,IF(SUM($E12:G12)>=AE12/2,10+5*(AE12/2-SUM($E12:F12))/G12,IF(SUM($E12:H12)>=AE12/2,15+5*(AE12/2-SUM($E12:G12))/H12,IF(SUM($E12:I12)>=AE12/2,20+5*(AE12/2-SUM($E12:H12))/I12,IF(SUM($E12:J12)>=AE12/2,25+5*(AE12/2-SUM($E12:I12))/J12,IF(SUM($E12:K12)>=AE12/2,30+5*(AE12/2-SUM($E12:J12))/K12,IF(SUM($E12:L12)>=AE12/2,35+5*(AE12/2-SUM($E12:K12))/L12,IF(SUM($E12:M12)>=AE12/2,40+5*(AE12/2-SUM($E12:L12))/M12,IF(SUM($E12:N12)>=AE12/2,45+5*(AE12/2-SUM($E12:M12))/N12,IF(SUM($E12:O12)>=AE12/2,50+5*(AE12/2-SUM($E12:N12))/O12,IF(SUM($E12:P12)>=AE12/2,55+5*(AE12/2-SUM($E12:O12))/P12,IF(SUM($E12:Q12)>=AE12/2,60+5*(AE12/2-SUM($E12:P12))/Q12,IF(SUM($E12:R12)>=AE12/2,65+5*(AE12/2-SUM($E12:Q12))/R12,IF(SUM($E12:S12)>=AE12/2,70+5*(AE12/2-SUM($E12:R12))/S12,IF(SUM($E12:T12)>=AE12/2,75+5*(AE12/2-SUM($E12:S12))/T12,"")))))))))))))))) | AL12: =SUM(H12:Q12) | AM12: 0.065 | AN12: 0.08 | AO12: =IF(AND(ISNUMBER(AN12),ISNUMBER(AM12)),(AN12-AM12)*100,"") | AP12: =IF(ISNUMBER(AN12),AN12*AL12,"") | AQ12: =IF(ISNUMBER(AN12),AL12,0) | AR12: 0.101 | AS12: population | AT12: 15+ | AU12: 1 | AV12: =H12+I12+J12+K12+L12+M12+N12+O12+P12+Q12+R12+S12+T12+U12 | AX12: =IF(ISNUMBER(AW12),AW12,AR12*AU12*AV12) | AY12: =AX12/AV12 | AZ12: C | BA12: No | BB12: =IF(BA12="Yes",AX12,0) | BC12: =IF(AND(BA12="Yes",ISNUMBER(AP12)),AP12,0) | BD12: =IF(BA12="Yes",AX12,IF(ISNUMBER(AP12),AP12,0)) | BE12: Have ever used AI (daily, weekly or monthly or less) | BF12: April-July 2026 (Gallup World Poll, probability sample ~1,000) | BG12: Gallup (World Poll; research run with Microsoft): AI Optimism Globally Widespread Despite Uneven Use | BH12: https://news.gallup.com/poll/714593/optimism-globally-widespread-despite-uneven.aspx
A13: RUS | B13: Russian Federation | C13: Europe & Central Asia | D13: High income | E13: 6621862 | F13: 8422666 | G13: 9392182 | H13: 8144016 | I13: 7432843 | J13: 6994540 | K13: 9046859 | L13: 12481388 | M13: 11662998 | N13: 10560530 | O13: 9530700 | P13: 8299594 | Q13: 9389564 | R13: 9054365 | S13: 7079660 | T13: 4609330 | U13: 4790231 | V13: 76960071 | W13: 66553257 | X13: =SUM(E13:G13) | Y13: =SUM(H13:I13) | Z13: =SUM(J13:K13) | AA13: =SUM(L13:M13) | AB13: =SUM(N13:O13) | AC13: =SUM(P13:Q13) | AD13: =SUM(R13:U13) | AE13: =SUM(X13:AD13) | AF13: =AE13/SUM($AE$5:$AE$222) | AG13: =RANK(AE13,$AE$5:$AE$222) | AH13: 143669648 | AI13: =IF(AH13>0,AE13/AH13-1,"") | AJ13: 17547 | AK13: =IF(SUM($E13:E13)>=AE13/2,0+5*(AE13/2-0)/E13,IF(SUM($E13:F13)>=AE13/2,5+5*(AE13/2-SUM($E13:E13))/F13,IF(SUM($E13:G13)>=AE13/2,10+5*(AE13/2-SUM($E13:F13))/G13,IF(SUM($E13:H13)>=AE13/2,15+5*(AE13/2-SUM($E13:G13))/H13,IF(SUM($E13:I13)>=AE13/2,20+5*(AE13/2-SUM($E13:H13))/I13,IF(SUM($E13:J13)>=AE13/2,25+5*(AE13/2-SUM($E13:I13))/J13,IF(SUM($E13:K13)>=AE13/2,30+5*(AE13/2-SUM($E13:J13))/K13,IF(SUM($E13:L13)>=AE13/2,35+5*(AE13/2-SUM($E13:K13))/L13,IF(SUM($E13:M13)>=AE13/2,40+5*(AE13/2-SUM($E13:L13))/M13,IF(SUM($E13:N13)>=AE13/2,45+5*(AE13/2-SUM($E13:M13))/N13,IF(SUM($E13:O13)>=AE13/2,50+5*(AE13/2-SUM($E13:N13))/O13,IF(SUM($E13:P13)>=AE13/2,55+5*(AE13/2-SUM($E13:O13))/P13,IF(SUM($E13:Q13)>=AE13/2,60+5*(AE13/2-SUM($E13:P13))/Q13,IF(SUM($E13:R13)>=AE13/2,65+5*(AE13/2-SUM($E13:Q13))/R13,IF(SUM($E13:S13)>=AE13/2,70+5*(AE13/2-SUM($E13:R13))/S13,IF(SUM($E13:T13)>=AE13/2,75+5*(AE13/2-SUM($E13:S13))/T13,"")))))))))))))))) | AL13: =SUM(H13:Q13) | AM13: 0.076 | AN13: 0.099 | AO13: =IF(AND(ISNUMBER(AN13),ISNUMBER(AM13)),(AN13-AM13)*100,"") | AP13: =IF(ISNUMBER(AN13),AN13*AL13,"") | AQ13: =IF(ISNUMBER(AN13),AL13,0) | AR13: 0.78 | AS13: internet users | AT13: 18+ | AU13: 0.88 | AV13: =H13*0.4+I13+J13+K13+L13+M13+N13+O13+P13+Q13+R13+S13+T13+U13 | AX13: =IF(ISNUMBER(AW13),AW13,AR13*AU13*AV13) | AY13: =AX13/AV13 | AZ13: B | BA13: Yes | BB13: =IF(BA13="Yes",AX13,0) | BC13: =IF(AND(BA13="Yes",ISNUMBER(AP13)),AP13,0) | BD13: =IF(BA13="Yes",AX13,IF(ISNUMBER(AP13),AP13,0)) | BE13: Used neural networks (generative AI) at least once in the past year (share of internet users 18+) | BF13: 25-27 June 2026 (VTsIOM-Online, n=3,209) | BG13: VTsIOM (Russian Public Opinion Research Center, state-owned): Neural networks in our lives (analytical review) | BH13: https://wciom.ru/analytical-reviews/analiticheskii-obzor/neiroseti-v-nashei-zhizni
A14: ETH | B14: Ethiopia | C14: Sub-Saharan Africa | D14: Low income | E14: 19653558 | F14: 17491797 | G14: 15390336 | H14: 14814861 | I14: 13612857 | J14: 11656924 | K14: 9753096 | L14: 7718009 | M14: 5887608 | N14: 4976670 | O14: 4039200 | P14: 3374179 | Q14: 2638163 | R14: 1845988 | S14: 1223123 | T14: 801748 | U14: 593938 | V14: 67595952 | W14: 67876103 | X14: =SUM(E14:G14) | Y14: =SUM(H14:I14) | Z14: =SUM(J14:K14) | AA14: =SUM(L14:M14) | AB14: =SUM(N14:O14) | AC14: =SUM(P14:Q14) | AD14: =SUM(R14:U14) | AE14: =SUM(X14:AD14) | AF14: =AE14/SUM($AE$5:$AE$222) | AG14: =RANK(AE14,$AE$5:$AE$222) | AH14: 132059767 | AI14: =IF(AH14>0,AE14/AH14-1,"") | AJ14: 933 | AK14: =IF(SUM($E14:E14)>=AE14/2,0+5*(AE14/2-0)/E14,IF(SUM($E14:F14)>=AE14/2,5+5*(AE14/2-SUM($E14:E14))/F14,IF(SUM($E14:G14)>=AE14/2,10+5*(AE14/2-SUM($E14:F14))/G14,IF(SUM($E14:H14)>=AE14/2,15+5*(AE14/2-SUM($E14:G14))/H14,IF(SUM($E14:I14)>=AE14/2,20+5*(AE14/2-SUM($E14:H14))/I14,IF(SUM($E14:J14)>=AE14/2,25+5*(AE14/2-SUM($E14:I14))/J14,IF(SUM($E14:K14)>=AE14/2,30+5*(AE14/2-SUM($E14:J14))/K14,IF(SUM($E14:L14)>=AE14/2,35+5*(AE14/2-SUM($E14:K14))/L14,IF(SUM($E14:M14)>=AE14/2,40+5*(AE14/2-SUM($E14:L14))/M14,IF(SUM($E14:N14)>=AE14/2,45+5*(AE14/2-SUM($E14:M14))/N14,IF(SUM($E14:O14)>=AE14/2,50+5*(AE14/2-SUM($E14:N14))/O14,IF(SUM($E14:P14)>=AE14/2,55+5*(AE14/2-SUM($E14:O14))/P14,IF(SUM($E14:Q14)>=AE14/2,60+5*(AE14/2-SUM($E14:P14))/Q14,IF(SUM($E14:R14)>=AE14/2,65+5*(AE14/2-SUM($E14:Q14))/R14,IF(SUM($E14:S14)>=AE14/2,70+5*(AE14/2-SUM($E14:R14))/S14,IF(SUM($E14:T14)>=AE14/2,75+5*(AE14/2-SUM($E14:S14))/T14,"")))))))))))))))) | AL14: =SUM(H14:Q14) | AM14: 0.064 | AN14: 0.08 | AO14: =IF(AND(ISNUMBER(AN14),ISNUMBER(AM14)),(AN14-AM14)*100,"") | AP14: =IF(ISNUMBER(AN14),AN14*AL14,"") | AQ14: =IF(ISNUMBER(AN14),AL14,0) | BB14: =IF(BA14="Yes",AX14,0) | BC14: =IF(AND(BA14="Yes",ISNUMBER(AP14)),AP14,0) | BD14: =IF(BA14="Yes",AX14,IF(ISNUMBER(AP14),AP14,0))
A15: MEX | B15: Mexico | C15: Latin America & Caribbean | D15: Upper middle income | E15: 10122411 | F15: 10471455 | G15: 11193541 | H15: 11146497 | I15: 11100687 | J15: 10623243 | K15: 10396952 | L15: 9651333 | M15: 8773930 | N15: 8029534 | O15: 7425198 | P15: 6442687 | Q15: 5325664 | R15: 4116364 | S15: 2973258 | T15: 2018834 | U15: 2135313 | V15: 67964085 | W15: 63982816 | X15: =SUM(E15:G15) | Y15: =SUM(H15:I15) | Z15: =SUM(J15:K15) | AA15: =SUM(L15:M15) | AB15: =SUM(N15:O15) | AC15: =SUM(P15:Q15) | AD15: =SUM(R15:U15) | AE15: =SUM(X15:AD15) | AF15: =AE15/SUM($AE$5:$AE$222) | AG15: =RANK(AE15,$AE$5:$AE$222) | AH15: 130861007 | AI15: =IF(AH15>0,AE15/AH15-1,"") | AJ15: 13889 | AK15: =IF(SUM($E15:E15)>=AE15/2,0+5*(AE15/2-0)/E15,IF(SUM($E15:F15)>=AE15/2,5+5*(AE15/2-SUM($E15:E15))/F15,IF(SUM($E15:G15)>=AE15/2,10+5*(AE15/2-SUM($E15:F15))/G15,IF(SUM($E15:H15)>=AE15/2,15+5*(AE15/2-SUM($E15:G15))/H15,IF(SUM($E15:I15)>=AE15/2,20+5*(AE15/2-SUM($E15:H15))/I15,IF(SUM($E15:J15)>=AE15/2,25+5*(AE15/2-SUM($E15:I15))/J15,IF(SUM($E15:K15)>=AE15/2,30+5*(AE15/2-SUM($E15:J15))/K15,IF(SUM($E15:L15)>=AE15/2,35+5*(AE15/2-SUM($E15:K15))/L15,IF(SUM($E15:M15)>=AE15/2,40+5*(AE15/2-SUM($E15:L15))/M15,IF(SUM($E15:N15)>=AE15/2,45+5*(AE15/2-SUM($E15:M15))/N15,IF(SUM($E15:O15)>=AE15/2,50+5*(AE15/2-SUM($E15:N15))/O15,IF(SUM($E15:P15)>=AE15/2,55+5*(AE15/2-SUM($E15:O15))/P15,IF(SUM($E15:Q15)>=AE15/2,60+5*(AE15/2-SUM($E15:P15))/Q15,IF(SUM($E15:R15)>=AE15/2,65+5*(AE15/2-SUM($E15:Q15))/R15,IF(SUM($E15:S15)>=AE15/2,70+5*(AE15/2-SUM($E15:R15))/S15,IF(SUM($E15:T15)>=AE15/2,75+5*(AE15/2-SUM($E15:S15))/T15,"")))))))))))))))) | AL15: =SUM(H15:Q15) | AM15: 0.167 | AN15: 0.214 | AO15: =IF(AND(ISNUMBER(AN15),ISNUMBER(AM15)),(AN15-AM15)*100,"") | AP15: =IF(ISNUMBER(AN15),AN15*AL15,"") | AQ15: =IF(ISNUMBER(AN15),AL15,0) | BB15: =IF(BA15="Yes",AX15,0) | BC15: =IF(AND(BA15="Yes",ISNUMBER(AP15)),AP15,0) | BD15: =IF(BA15="Yes",AX15,IF(ISNUMBER(AP15),AP15,0))
A16: JPN | B16: Japan | C16: East Asia & Pacific | D16: High income | E16: 3928343 | F16: 4664779 | G16: 5271322 | H16: 5670299 | I16: 6141006 | J16: 6123015 | K16: 6060315 | L16: 6502393 | M16: 7306149 | N16: 8484888 | O16: 9944050 | P16: 8543519 | Q16: 7723916 | R16: 7276966 | S16: 7850400 | T16: 8711591 | U16: 13163780 | V16: 63215258 | W16: 60151473 | X16: =SUM(E16:G16) | Y16: =SUM(H16:I16) | Z16: =SUM(J16:K16) | AA16: =SUM(L16:M16) | AB16: =SUM(N16:O16) | AC16: =SUM(P16:Q16) | AD16: =SUM(R16:U16) | AE16: =SUM(X16:AD16) | AF16: =AE16/SUM($AE$5:$AE$222) | AG16: =RANK(AE16,$AE$5:$AE$222) | AH16: 123975371 | AI16: =IF(AH16>0,AE16/AH16-1,"") | AJ16: 35951 | AK16: =IF(SUM($E16:E16)>=AE16/2,0+5*(AE16/2-0)/E16,IF(SUM($E16:F16)>=AE16/2,5+5*(AE16/2-SUM($E16:E16))/F16,IF(SUM($E16:G16)>=AE16/2,10+5*(AE16/2-SUM($E16:F16))/G16,IF(SUM($E16:H16)>=AE16/2,15+5*(AE16/2-SUM($E16:G16))/H16,IF(SUM($E16:I16)>=AE16/2,20+5*(AE16/2-SUM($E16:H16))/I16,IF(SUM($E16:J16)>=AE16/2,25+5*(AE16/2-SUM($E16:I16))/J16,IF(SUM($E16:K16)>=AE16/2,30+5*(AE16/2-SUM($E16:J16))/K16,IF(SUM($E16:L16)>=AE16/2,35+5*(AE16/2-SUM($E16:K16))/L16,IF(SUM($E16:M16)>=AE16/2,40+5*(AE16/2-SUM($E16:L16))/M16,IF(SUM($E16:N16)>=AE16/2,45+5*(AE16/2-SUM($E16:M16))/N16,IF(SUM($E16:O16)>=AE16/2,50+5*(AE16/2-SUM($E16:N16))/O16,IF(SUM($E16:P16)>=AE16/2,55+5*(AE16/2-SUM($E16:O16))/P16,IF(SUM($E16:Q16)>=AE16/2,60+5*(AE16/2-SUM($E16:P16))/Q16,IF(SUM($E16:R16)>=AE16/2,65+5*(AE16/2-SUM($E16:Q16))/R16,IF(SUM($E16:S16)>=AE16/2,70+5*(AE16/2-SUM($E16:R16))/S16,IF(SUM($E16:T16)>=AE16/2,75+5*(AE16/2-SUM($E16:S16))/T16,"")))))))))))))))) | AL16: =SUM(H16:Q16) | AM16: 0.167 | AN16: 0.247 | AO16: =IF(AND(ISNUMBER(AN16),ISNUMBER(AM16)),(AN16-AM16)*100,"") | AP16: =IF(ISNUMBER(AN16),AN16*AL16,"") | AQ16: =IF(ISNUMBER(AN16),AL16,0) | AR16: 0.588 | AS16: population | AT16: 15-69 | AU16: 1 | AV16: =H16+I16+J16+K16+L16+M16+N16+O16+P16+Q16+R16 | AX16: =IF(ISNUMBER(AW16),AW16,AR16*AU16*AV16) | AY16: =AX16/AV16 | AZ16: A | BA16: Yes | BB16: =IF(BA16="Yes",AX16,0) | BC16: =IF(AND(BA16="Yes",ISNUMBER(AP16)),AP16,0) | BD16: =IF(BA16="Yes",AX16,IF(ISNUMBER(AP16),AP16,0)) | BE16: Have ever used at least one generative AI service, for work or daily life | BF16: January-February 2026 (online panel, n=1,236) | BG16: Ministry of Internal Affairs and Communications (MIC): White Paper on Information and Communications 2026 (Reiwa 8), Part I ch. 1 | BH16: https://www.soumu.go.jp/johotsusintokei/whitepaper/ja/r08/text/nd111110.txt
A17: EGY | B17: Egypt, Arab Rep. | C17: Middle East, North Africa, Afghanistan & Pakistan | D17: Lower middle income | E17: 11831577 | F17: 12641664 | G17: 12878643 | H17: 11034606 | I17: 9891210 | J17: 9126338 | K17: 8649533 | L17: 8520794 | M17: 7564396 | N17: 6416761 | O17: 5356884 | P17: 4511931 | Q17: 3702360 | R17: 2783685 | S17: 1853651 | T17: 1029979 | U17: 571989 | V17: 58605500 | W17: 59760501 | X17: =SUM(E17:G17) | Y17: =SUM(H17:I17) | Z17: =SUM(J17:K17) | AA17: =SUM(L17:M17) | AB17: =SUM(N17:O17) | AC17: =SUM(P17:Q17) | AD17: =SUM(R17:U17) | AE17: =SUM(X17:AD17) | AF17: =AE17/SUM($AE$5:$AE$222) | AG17: =RANK(AE17,$AE$5:$AE$222) | AH17: 116538258 | AI17: =IF(AH17>0,AE17/AH17-1,"") | AJ17: 3086 | AK17: =IF(SUM($E17:E17)>=AE17/2,0+5*(AE17/2-0)/E17,IF(SUM($E17:F17)>=AE17/2,5+5*(AE17/2-SUM($E17:E17))/F17,IF(SUM($E17:G17)>=AE17/2,10+5*(AE17/2-SUM($E17:F17))/G17,IF(SUM($E17:H17)>=AE17/2,15+5*(AE17/2-SUM($E17:G17))/H17,IF(SUM($E17:I17)>=AE17/2,20+5*(AE17/2-SUM($E17:H17))/I17,IF(SUM($E17:J17)>=AE17/2,25+5*(AE17/2-SUM($E17:I17))/J17,IF(SUM($E17:K17)>=AE17/2,30+5*(AE17/2-SUM($E17:J17))/K17,IF(SUM($E17:L17)>=AE17/2,35+5*(AE17/2-SUM($E17:K17))/L17,IF(SUM($E17:M17)>=AE17/2,40+5*(AE17/2-SUM($E17:L17))/M17,IF(SUM($E17:N17)>=AE17/2,45+5*(AE17/2-SUM($E17:M17))/N17,IF(SUM($E17:O17)>=AE17/2,50+5*(AE17/2-SUM($E17:N17))/O17,IF(SUM($E17:P17)>=AE17/2,55+5*(AE17/2-SUM($E17:O17))/P17,IF(SUM($E17:Q17)>=AE17/2,60+5*(AE17/2-SUM($E17:P17))/Q17,IF(SUM($E17:R17)>=AE17/2,65+5*(AE17/2-SUM($E17:Q17))/R17,IF(SUM($E17:S17)>=AE17/2,70+5*(AE17/2-SUM($E17:R17))/S17,IF(SUM($E17:T17)>=AE17/2,75+5*(AE17/2-SUM($E17:S17))/T17,"")))))))))))))))) | AL17: =SUM(H17:Q17) | AM17: 0.125 | AN17: 0.155 | AO17: =IF(AND(ISNUMBER(AN17),ISNUMBER(AM17)),(AN17-AM17)*100,"") | AP17: =IF(ISNUMBER(AN17),AN17*AL17,"") | AQ17: =IF(ISNUMBER(AN17),AL17,0) | AR17: 0.216 | AS17: population | AT17: 15+ | AU17: 1 | AV17: =H17+I17+J17+K17+L17+M17+N17+O17+P17+Q17+R17+S17+T17+U17 | AX17: =IF(ISNUMBER(AW17),AW17,AR17*AU17*AV17) | AY17: =AX17/AV17 | AZ17: C | BA17: No | BB17: =IF(BA17="Yes",AX17,0) | BC17: =IF(AND(BA17="Yes",ISNUMBER(AP17)),AP17,0) | BD17: =IF(BA17="Yes",AX17,IF(ISNUMBER(AP17),AP17,0)) | BE17: Have ever used AI (daily, weekly or monthly or less) | BF17: April-July 2026 (Gallup World Poll, probability sample ~1,000) | BG17: Gallup (World Poll; research run with Microsoft): AI Optimism Globally Widespread Despite Uneven Use | BH17: https://news.gallup.com/poll/714593/optimism-globally-widespread-despite-uneven.aspx
A18: PHL | B18: Philippines | C18: East Asia & Pacific | D18: Upper middle income | E18: 8953366 | F18: 11051405 | G18: 11689881 | H18: 11421224 | I18: 10744324 | J18: 10360712 | K18: 9591225 | L18: 8417145 | M18: 7340725 | N18: 6403353 | O18: 5471561 | P18: 4748407 | Q18: 3908739 | R18: 2976817 | S18: 1957776 | T18: 1072396 | U18: 677904 | V18: 58535633 | W18: 58251327 | X18: =SUM(E18:G18) | Y18: =SUM(H18:I18) | Z18: =SUM(J18:K18) | AA18: =SUM(L18:M18) | AB18: =SUM(N18:O18) | AC18: =SUM(P18:Q18) | AD18: =SUM(R18:U18) | AE18: =SUM(X18:AD18) | AF18: =AE18/SUM($AE$5:$AE$222) | AG18: =RANK(AE18,$AE$5:$AE$222) | AH18: 115843670 | AI18: =IF(AH18>0,AE18/AH18-1,"") | AJ18: 4171 | AK18: =IF(SUM($E18:E18)>=AE18/2,0+5*(AE18/2-0)/E18,IF(SUM($E18:F18)>=AE18/2,5+5*(AE18/2-SUM($E18:E18))/F18,IF(SUM($E18:G18)>=AE18/2,10+5*(AE18/2-SUM($E18:F18))/G18,IF(SUM($E18:H18)>=AE18/2,15+5*(AE18/2-SUM($E18:G18))/H18,IF(SUM($E18:I18)>=AE18/2,20+5*(AE18/2-SUM($E18:H18))/I18,IF(SUM($E18:J18)>=AE18/2,25+5*(AE18/2-SUM($E18:I18))/J18,IF(SUM($E18:K18)>=AE18/2,30+5*(AE18/2-SUM($E18:J18))/K18,IF(SUM($E18:L18)>=AE18/2,35+5*(AE18/2-SUM($E18:K18))/L18,IF(SUM($E18:M18)>=AE18/2,40+5*(AE18/2-SUM($E18:L18))/M18,IF(SUM($E18:N18)>=AE18/2,45+5*(AE18/2-SUM($E18:M18))/N18,IF(SUM($E18:O18)>=AE18/2,50+5*(AE18/2-SUM($E18:N18))/O18,IF(SUM($E18:P18)>=AE18/2,55+5*(AE18/2-SUM($E18:O18))/P18,IF(SUM($E18:Q18)>=AE18/2,60+5*(AE18/2-SUM($E18:P18))/Q18,IF(SUM($E18:R18)>=AE18/2,65+5*(AE18/2-SUM($E18:Q18))/R18,IF(SUM($E18:S18)>=AE18/2,70+5*(AE18/2-SUM($E18:R18))/S18,IF(SUM($E18:T18)>=AE18/2,75+5*(AE18/2-SUM($E18:S18))/T18,"")))))))))))))))) | AL18: =SUM(H18:Q18) | AM18: 0.171 | AN18: 0.207 | AO18: =IF(AND(ISNUMBER(AN18),ISNUMBER(AM18)),(AN18-AM18)*100,"") | AP18: =IF(ISNUMBER(AN18),AN18*AL18,"") | AQ18: =IF(ISNUMBER(AN18),AL18,0) | BB18: =IF(BA18="Yes",AX18,0) | BC18: =IF(AND(BA18="Yes",ISNUMBER(AP18)),AP18,0) | BD18: =IF(BA18="Yes",AX18,IF(ISNUMBER(AP18),AP18,0))
A19: COD | B19: Congo, Dem. Rep. | C19: Sub-Saharan Africa | D19: Low income | E19: 20302046 | F19: 17176888 | G19: 14367350 | H19: 11823436 | I19: 9735421 | J19: 8262208 | K19: 6829649 | L19: 5555835 | M19: 4407274 | N19: 3490953 | O19: 2959369 | P19: 2482718 | Q19: 1959702 | R19: 1448158 | S19: 980390 | T19: 610850 | U19: 440225 | V19: 56847958 | W19: 55984514 | X19: =SUM(E19:G19) | Y19: =SUM(H19:I19) | Z19: =SUM(J19:K19) | AA19: =SUM(L19:M19) | AB19: =SUM(N19:O19) | AC19: =SUM(P19:Q19) | AD19: =SUM(R19:U19) | AE19: =SUM(X19:AD19) | AF19: =AE19/SUM($AE$5:$AE$222) | AG19: =RANK(AE19,$AE$5:$AE$222) | AH19: 109276265 | AI19: =IF(AH19>0,AE19/AH19-1,"") | AJ19: 807 | AK19: =IF(SUM($E19:E19)>=AE19/2,0+5*(AE19/2-0)/E19,IF(SUM($E19:F19)>=AE19/2,5+5*(AE19/2-SUM($E19:E19))/F19,IF(SUM($E19:G19)>=AE19/2,10+5*(AE19/2-SUM($E19:F19))/G19,IF(SUM($E19:H19)>=AE19/2,15+5*(AE19/2-SUM($E19:G19))/H19,IF(SUM($E19:I19)>=AE19/2,20+5*(AE19/2-SUM($E19:H19))/I19,IF(SUM($E19:J19)>=AE19/2,25+5*(AE19/2-SUM($E19:I19))/J19,IF(SUM($E19:K19)>=AE19/2,30+5*(AE19/2-SUM($E19:J19))/K19,IF(SUM($E19:L19)>=AE19/2,35+5*(AE19/2-SUM($E19:K19))/L19,IF(SUM($E19:M19)>=AE19/2,40+5*(AE19/2-SUM($E19:L19))/M19,IF(SUM($E19:N19)>=AE19/2,45+5*(AE19/2-SUM($E19:M19))/N19,IF(SUM($E19:O19)>=AE19/2,50+5*(AE19/2-SUM($E19:N19))/O19,IF(SUM($E19:P19)>=AE19/2,55+5*(AE19/2-SUM($E19:O19))/P19,IF(SUM($E19:Q19)>=AE19/2,60+5*(AE19/2-SUM($E19:P19))/Q19,IF(SUM($E19:R19)>=AE19/2,65+5*(AE19/2-SUM($E19:Q19))/R19,IF(SUM($E19:S19)>=AE19/2,70+5*(AE19/2-SUM($E19:R19))/S19,IF(SUM($E19:T19)>=AE19/2,75+5*(AE19/2-SUM($E19:S19))/T19,"")))))))))))))))) | AL19: =SUM(H19:Q19) | AM19: 0.07 | AN19: 0.091 | AO19: =IF(AND(ISNUMBER(AN19),ISNUMBER(AM19)),(AN19-AM19)*100,"") | AP19: =IF(ISNUMBER(AN19),AN19*AL19,"") | AQ19: =IF(ISNUMBER(AN19),AL19,0) | BB19: =IF(BA19="Yes",AX19,0) | BC19: =IF(AND(BA19="Yes",ISNUMBER(AP19)),AP19,0) | BD19: =IF(BA19="Yes",AX19,IF(ISNUMBER(AP19),AP19,0))
A20: VNM | B20: Viet Nam | C20: East Asia & Pacific | D20: Upper middle income | E20: 6900236 | F20: 7635509 | G20: 8685633 | H20: 7453323 | I20: 6534806 | J20: 6472385 | K20: 8160233 | L20: 8594552 | M20: 8008928 | N20: 6745758 | O20: 6148993 | P20: 5558724 | Q20: 5053140 | R20: 3953862 | S20: 2612667 | T20: 1530440 | U20: 1549340 | V20: 51840189 | W20: 49758340 | X20: =SUM(E20:G20) | Y20: =SUM(H20:I20) | Z20: =SUM(J20:K20) | AA20: =SUM(L20:M20) | AB20: =SUM(N20:O20) | AC20: =SUM(P20:Q20) | AD20: =SUM(R20:U20) | AE20: =SUM(X20:AD20) | AF20: =AE20/SUM($AE$5:$AE$222) | AG20: =RANK(AE20,$AE$5:$AE$222) | AH20: 100987686 | AI20: =IF(AH20>0,AE20/AH20-1,"") | AJ20: 5066 | AK20: =IF(SUM($E20:E20)>=AE20/2,0+5*(AE20/2-0)/E20,IF(SUM($E20:F20)>=AE20/2,5+5*(AE20/2-SUM($E20:E20))/F20,IF(SUM($E20:G20)>=AE20/2,10+5*(AE20/2-SUM($E20:F20))/G20,IF(SUM($E20:H20)>=AE20/2,15+5*(AE20/2-SUM($E20:G20))/H20,IF(SUM($E20:I20)>=AE20/2,20+5*(AE20/2-SUM($E20:H20))/I20,IF(SUM($E20:J20)>=AE20/2,25+5*(AE20/2-SUM($E20:I20))/J20,IF(SUM($E20:K20)>=AE20/2,30+5*(AE20/2-SUM($E20:J20))/K20,IF(SUM($E20:L20)>=AE20/2,35+5*(AE20/2-SUM($E20:K20))/L20,IF(SUM($E20:M20)>=AE20/2,40+5*(AE20/2-SUM($E20:L20))/M20,IF(SUM($E20:N20)>=AE20/2,45+5*(AE20/2-SUM($E20:M20))/N20,IF(SUM($E20:O20)>=AE20/2,50+5*(AE20/2-SUM($E20:N20))/O20,IF(SUM($E20:P20)>=AE20/2,55+5*(AE20/2-SUM($E20:O20))/P20,IF(SUM($E20:Q20)>=AE20/2,60+5*(AE20/2-SUM($E20:P20))/Q20,IF(SUM($E20:R20)>=AE20/2,65+5*(AE20/2-SUM($E20:Q20))/R20,IF(SUM($E20:S20)>=AE20/2,70+5*(AE20/2-SUM($E20:R20))/S20,IF(SUM($E20:T20)>=AE20/2,75+5*(AE20/2-SUM($E20:S20))/T20,"")))))))))))))))) | AL20: =SUM(H20:Q20) | AM20: 0.212 | AN20: 0.279 | AO20: =IF(AND(ISNUMBER(AN20),ISNUMBER(AM20)),(AN20-AM20)*100,"") | AP20: =IF(ISNUMBER(AN20),AN20*AL20,"") | AQ20: =IF(ISNUMBER(AN20),AL20,0) | BB20: =IF(BA20="Yes",AX20,0) | BC20: =IF(AND(BA20="Yes",ISNUMBER(AP20)),AP20,0) | BD20: =IF(BA20="Yes",AX20,IF(ISNUMBER(AP20),AP20,0))
A21: IRN | B21: Iran, Islamic Rep. | C21: Middle East, North Africa, Afghanistan & Pakistan | D21: Upper middle income | E21: 5899200 | F21: 7181332 | G21: 7271447 | H21: 6498538 | I21: 5867087 | J21: 6033691 | K21: 7527233 | L21: 9016811 | M21: 8672143 | N21: 6730025 | O21: 5476379 | P21: 4577484 | Q21: 3735817 | R21: 3005172 | S21: 2326061 | T21: 1459496 | U21: 1139765 | V21: 45470197 | W21: 46947484 | X21: =SUM(E21:G21) | Y21: =SUM(H21:I21) | Z21: =SUM(J21:K21) | AA21: =SUM(L21:M21) | AB21: =SUM(N21:O21) | AC21: =SUM(P21:Q21) | AD21: =SUM(R21:U21) | AE21: =SUM(X21:AD21) | AF21: =AE21/SUM($AE$5:$AE$222) | AG21: =RANK(AE21,$AE$5:$AE$222) | AH21: 91567738 | AI21: =IF(AH21>0,AE21/AH21-1,"") | AJ21: 3924 | AK21: =IF(SUM($E21:E21)>=AE21/2,0+5*(AE21/2-0)/E21,IF(SUM($E21:F21)>=AE21/2,5+5*(AE21/2-SUM($E21:E21))/F21,IF(SUM($E21:G21)>=AE21/2,10+5*(AE21/2-SUM($E21:F21))/G21,IF(SUM($E21:H21)>=AE21/2,15+5*(AE21/2-SUM($E21:G21))/H21,IF(SUM($E21:I21)>=AE21/2,20+5*(AE21/2-SUM($E21:H21))/I21,IF(SUM($E21:J21)>=AE21/2,25+5*(AE21/2-SUM($E21:I21))/J21,IF(SUM($E21:K21)>=AE21/2,30+5*(AE21/2-SUM($E21:J21))/K21,IF(SUM($E21:L21)>=AE21/2,35+5*(AE21/2-SUM($E21:K21))/L21,IF(SUM($E21:M21)>=AE21/2,40+5*(AE21/2-SUM($E21:L21))/M21,IF(SUM($E21:N21)>=AE21/2,45+5*(AE21/2-SUM($E21:M21))/N21,IF(SUM($E21:O21)>=AE21/2,50+5*(AE21/2-SUM($E21:N21))/O21,IF(SUM($E21:P21)>=AE21/2,55+5*(AE21/2-SUM($E21:O21))/P21,IF(SUM($E21:Q21)>=AE21/2,60+5*(AE21/2-SUM($E21:P21))/Q21,IF(SUM($E21:R21)>=AE21/2,65+5*(AE21/2-SUM($E21:Q21))/R21,IF(SUM($E21:S21)>=AE21/2,70+5*(AE21/2-SUM($E21:R21))/S21,IF(SUM($E21:T21)>=AE21/2,75+5*(AE21/2-SUM($E21:S21))/T21,"")))))))))))))))) | AL21: =SUM(H21:Q21) | AM21: 0.096 | AN21: 0.128 | AO21: =IF(AND(ISNUMBER(AN21),ISNUMBER(AM21)),(AN21-AM21)*100,"") | AP21: =IF(ISNUMBER(AN21),AN21*AL21,"") | AQ21: =IF(ISNUMBER(AN21),AL21,0) | AR21: 0.323 | AS21: population | AT21: 15+ | AU21: 1 | AV21: =H21+I21+J21+K21+L21+M21+N21+O21+P21+Q21+R21+S21+T21+U21 | AX21: =IF(ISNUMBER(AW21),AW21,AR21*AU21*AV21) | AY21: =AX21/AV21 | AZ21: B | BA21: Yes | BB21: =IF(BA21="Yes",AX21,0) | BC21: =IF(AND(BA21="Yes",ISNUMBER(AP21)),AP21,0) | BD21: =IF(BA21="Yes",AX21,IF(ISNUMBER(AP21),AP21,0)) | BE21: Use AI tools such as ChatGPT or Gemini, professionally or non-professionally (share of all people 15+) | BF21: August-September 2025 (telephone, n=1,502) | BG21: ISPA (Iranian Students Polling Agency, state-affiliated): Survey on social media use and AI tools | BH21: https://ispa.ir/Default/Details/fa/3487
A22: TUR | B22: Turkiye | C22: Europe & Central Asia | D22: Upper middle income | E22: 5241506 | F22: 6218752 | G22: 6593908 | H22: 6183681 | I22: 6168883 | J22: 6763256 | K22: 6454989 | L22: 6334713 | M22: 6442416 | N22: 6333297 | O22: 5209000 | P22: 4614948 | Q22: 4241035 | R22: 3198991 | S22: 2640568 | T22: 1630082 | U22: 1608530 | V22: 43031594 | W22: 42846961 | X22: =SUM(E22:G22) | Y22: =SUM(H22:I22) | Z22: =SUM(J22:K22) | AA22: =SUM(L22:M22) | AB22: =SUM(N22:O22) | AC22: =SUM(P22:Q22) | AD22: =SUM(R22:U22) | AE22: =SUM(X22:AD22) | AF22: =AE22/SUM($AE$5:$AE$222) | AG22: =RANK(AE22,$AE$5:$AE$222) | AH22: 85518661 | AI22: =IF(AH22>0,AE22/AH22-1,"") | AJ22: 18599 | AK22: =IF(SUM($E22:E22)>=AE22/2,0+5*(AE22/2-0)/E22,IF(SUM($E22:F22)>=AE22/2,5+5*(AE22/2-SUM($E22:E22))/F22,IF(SUM($E22:G22)>=AE22/2,10+5*(AE22/2-SUM($E22:F22))/G22,IF(SUM($E22:H22)>=AE22/2,15+5*(AE22/2-SUM($E22:G22))/H22,IF(SUM($E22:I22)>=AE22/2,20+5*(AE22/2-SUM($E22:H22))/I22,IF(SUM($E22:J22)>=AE22/2,25+5*(AE22/2-SUM($E22:I22))/J22,IF(SUM($E22:K22)>=AE22/2,30+5*(AE22/2-SUM($E22:J22))/K22,IF(SUM($E22:L22)>=AE22/2,35+5*(AE22/2-SUM($E22:K22))/L22,IF(SUM($E22:M22)>=AE22/2,40+5*(AE22/2-SUM($E22:L22))/M22,IF(SUM($E22:N22)>=AE22/2,45+5*(AE22/2-SUM($E22:M22))/N22,IF(SUM($E22:O22)>=AE22/2,50+5*(AE22/2-SUM($E22:N22))/O22,IF(SUM($E22:P22)>=AE22/2,55+5*(AE22/2-SUM($E22:O22))/P22,IF(SUM($E22:Q22)>=AE22/2,60+5*(AE22/2-SUM($E22:P22))/Q22,IF(SUM($E22:R22)>=AE22/2,65+5*(AE22/2-SUM($E22:Q22))/R22,IF(SUM($E22:S22)>=AE22/2,70+5*(AE22/2-SUM($E22:R22))/S22,IF(SUM($E22:T22)>=AE22/2,75+5*(AE22/2-SUM($E22:S22))/T22,"")))))))))))))))) | AL22: =SUM(H22:Q22) | AM22: 0.134 | AN22: 0.189 | AO22: =IF(AND(ISNUMBER(AN22),ISNUMBER(AM22)),(AN22-AM22)*100,"") | AP22: =IF(ISNUMBER(AN22),AN22*AL22,"") | AQ22: =IF(ISNUMBER(AN22),AL22,0) | AR22: 0.1719 | AS22: population | AT22: 16-74 | AU22: 1 | AV22: =H22*0.8+I22+J22+K22+L22+M22+N22+O22+P22+Q22+R22+S22 | AX22: =IF(ISNUMBER(AW22),AW22,AR22*AU22*AV22) | AY22: =AX22/AV22 | AZ22: A | BA22: Yes | BB22: =IF(BA22="Yes",AX22,0) | BC22: =IF(AND(BA22="Yes",ISNUMBER(AP22)),AP22,0) | BD22: =IF(BA22="Yes",AX22,IF(ISNUMBER(AP22),AP22,0)) | BE22: Used generative AI tools in the last 3 months | BF22: 2025 survey (Q2, most countries) | BG22: Eurostat: ICT usage in households and by individuals 2025, dataset isoc_ai_iaiu | BH22: https://ec.europa.eu/eurostat/databrowser/view/isoc_ai_iaiu/default/table
A23: DEU | B23: Germany | C23: Europe & Central Asia | D23: High income | E23: 3700209 | F23: 4052125 | G23: 3841178 | H23: 3842082 | I23: 4094362 | J23: 4661255 | K23: 5044116 | L23: 5601300 | M23: 5354929 | N23: 5042272 | O23: 5208789 | P23: 6599101 | Q23: 6659434 | R23: 5523496 | S23: 4564608 | T23: 3447413 | U23: 6254579 | V23: 42261808 | W23: 41229440 | X23: =SUM(E23:G23) | Y23: =SUM(H23:I23) | Z23: =SUM(J23:K23) | AA23: =SUM(L23:M23) | AB23: =SUM(N23:O23) | AC23: =SUM(P23:Q23) | AD23: =SUM(R23:U23) | AE23: =SUM(X23:AD23) | AF23: =AE23/SUM($AE$5:$AE$222) | AG23: =RANK(AE23,$AE$5:$AE$222) | AH23: 83516593 | AI23: =IF(AH23>0,AE23/AH23-1,"") | AJ23: 60496 | AK23: =IF(SUM($E23:E23)>=AE23/2,0+5*(AE23/2-0)/E23,IF(SUM($E23:F23)>=AE23/2,5+5*(AE23/2-SUM($E23:E23))/F23,IF(SUM($E23:G23)>=AE23/2,10+5*(AE23/2-SUM($E23:F23))/G23,IF(SUM($E23:H23)>=AE23/2,15+5*(AE23/2-SUM($E23:G23))/H23,IF(SUM($E23:I23)>=AE23/2,20+5*(AE23/2-SUM($E23:H23))/I23,IF(SUM($E23:J23)>=AE23/2,25+5*(AE23/2-SUM($E23:I23))/J23,IF(SUM($E23:K23)>=AE23/2,30+5*(AE23/2-SUM($E23:J23))/K23,IF(SUM($E23:L23)>=AE23/2,35+5*(AE23/2-SUM($E23:K23))/L23,IF(SUM($E23:M23)>=AE23/2,40+5*(AE23/2-SUM($E23:L23))/M23,IF(SUM($E23:N23)>=AE23/2,45+5*(AE23/2-SUM($E23:M23))/N23,IF(SUM($E23:O23)>=AE23/2,50+5*(AE23/2-SUM($E23:N23))/O23,IF(SUM($E23:P23)>=AE23/2,55+5*(AE23/2-SUM($E23:O23))/P23,IF(SUM($E23:Q23)>=AE23/2,60+5*(AE23/2-SUM($E23:P23))/Q23,IF(SUM($E23:R23)>=AE23/2,65+5*(AE23/2-SUM($E23:Q23))/R23,IF(SUM($E23:S23)>=AE23/2,70+5*(AE23/2-SUM($E23:R23))/S23,IF(SUM($E23:T23)>=AE23/2,75+5*(AE23/2-SUM($E23:S23))/T23,"")))))))))))))))) | AL23: =SUM(H23:Q23) | AM23: 0.265 | AN23: 0.323 | AO23: =IF(AND(ISNUMBER(AN23),ISNUMBER(AM23)),(AN23-AM23)*100,"") | AP23: =IF(ISNUMBER(AN23),AN23*AL23,"") | AQ23: =IF(ISNUMBER(AN23),AL23,0) | AR23: 0.3225 | AS23: population | AT23: 16-74 | AU23: 1 | AV23: =H23*0.8+I23+J23+K23+L23+M23+N23+O23+P23+Q23+R23+S23 | AX23: =IF(ISNUMBER(AW23),AW23,AR23*AU23*AV23) | AY23: =AX23/AV23 | AZ23: A | BA23: Yes | BB23: =IF(BA23="Yes",AX23,0) | BC23: =IF(AND(BA23="Yes",ISNUMBER(AP23)),AP23,0) | BD23: =IF(BA23="Yes",AX23,IF(ISNUMBER(AP23),AP23,0)) | BE23: Used generative AI tools in the last 3 months | BF23: 2025 survey (Q2, most countries) | BG23: Eurostat: ICT usage in households and by individuals 2025, dataset isoc_ai_iaiu | BH23: https://ec.europa.eu/eurostat/databrowser/view/isoc_ai_iaiu/default/table
A24: THA | B24: Thailand | C24: East Asia & Pacific | D24: Upper middle income | E24: 2970697 | F24: 3394997 | G24: 3957728 | H24: 4247838 | I24: 4658820 | J24: 4963916 | K24: 5065649 | L24: 4977636 | M24: 5222247 | N24: 5261773 | O24: 5334430 | P24: 5289400 | Q24: 4803077 | R24: 4013081 | S24: 3003292 | T24: 2036069 | U24: 2419213 | V24: 36783265 | W24: 34836598 | X24: =SUM(E24:G24) | Y24: =SUM(H24:I24) | Z24: =SUM(J24:K24) | AA24: =SUM(L24:M24) | AB24: =SUM(N24:O24) | AC24: =SUM(P24:Q24) | AD24: =SUM(R24:U24) | AE24: =SUM(X24:AD24) | AF24: =AE24/SUM($AE$5:$AE$222) | AG24: =RANK(AE24,$AE$5:$AE$222) | AH24: 71668011 | AI24: =IF(AH24>0,AE24/AH24-1,"") | AJ24: 8057 | AK24: =IF(SUM($E24:E24)>=AE24/2,0+5*(AE24/2-0)/E24,IF(SUM($E24:F24)>=AE24/2,5+5*(AE24/2-SUM($E24:E24))/F24,IF(SUM($E24:G24)>=AE24/2,10+5*(AE24/2-SUM($E24:F24))/G24,IF(SUM($E24:H24)>=AE24/2,15+5*(AE24/2-SUM($E24:G24))/H24,IF(SUM($E24:I24)>=AE24/2,20+5*(AE24/2-SUM($E24:H24))/I24,IF(SUM($E24:J24)>=AE24/2,25+5*(AE24/2-SUM($E24:I24))/J24,IF(SUM($E24:K24)>=AE24/2,30+5*(AE24/2-SUM($E24:J24))/K24,IF(SUM($E24:L24)>=AE24/2,35+5*(AE24/2-SUM($E24:K24))/L24,IF(SUM($E24:M24)>=AE24/2,40+5*(AE24/2-SUM($E24:L24))/M24,IF(SUM($E24:N24)>=AE24/2,45+5*(AE24/2-SUM($E24:M24))/N24,IF(SUM($E24:O24)>=AE24/2,50+5*(AE24/2-SUM($E24:N24))/O24,IF(SUM($E24:P24)>=AE24/2,55+5*(AE24/2-SUM($E24:O24))/P24,IF(SUM($E24:Q24)>=AE24/2,60+5*(AE24/2-SUM($E24:P24))/Q24,IF(SUM($E24:R24)>=AE24/2,65+5*(AE24/2-SUM($E24:Q24))/R24,IF(SUM($E24:S24)>=AE24/2,70+5*(AE24/2-SUM($E24:R24))/S24,IF(SUM($E24:T24)>=AE24/2,75+5*(AE24/2-SUM($E24:S24))/T24,"")))))))))))))))) | AL24: =SUM(H24:Q24) | AM24: 0.091 | AN24: 0.134 | AO24: =IF(AND(ISNUMBER(AN24),ISNUMBER(AM24)),(AN24-AM24)*100,"") | AP24: =IF(ISNUMBER(AN24),AN24*AL24,"") | AQ24: =IF(ISNUMBER(AN24),AL24,0) | BB24: =IF(BA24="Yes",AX24,0) | BC24: =IF(AND(BA24="Yes",ISNUMBER(AP24)),AP24,0) | BD24: =IF(BA24="Yes",AX24,IF(ISNUMBER(AP24),AP24,0))
A25: TZA | B25: Tanzania | C25: Sub-Saharan Africa | D25: Lower middle income | E25: 11226124 | F25: 10015841 | G25: 8627500 | H25: 7622539 | I25: 6587335 | J25: 5569032 | K25: 4596162 | L25: 3838350 | M25: 3180649 | N25: 2605066 | O25: 2048042 | P25: 1457954 | Q25: 1025431 | R25: 813377 | S25: 610296 | T25: 397894 | U25: 324270 | V25: 35568489 | W25: 34977373 | X25: =SUM(E25:G25) | Y25: =SUM(H25:I25) | Z25: =SUM(J25:K25) | AA25: =SUM(L25:M25) | AB25: =SUM(N25:O25) | AC25: =SUM(P25:Q25) | AD25: =SUM(R25:U25) | AE25: =SUM(X25:AD25) | AF25: =AE25/SUM($AE$5:$AE$222) | AG25: =RANK(AE25,$AE$5:$AE$222) | AH25: 68560157 | AI25: =IF(AH25>0,AE25/AH25-1,"") | AJ25: 1319 | AK25: =IF(SUM($E25:E25)>=AE25/2,0+5*(AE25/2-0)/E25,IF(SUM($E25:F25)>=AE25/2,5+5*(AE25/2-SUM($E25:E25))/F25,IF(SUM($E25:G25)>=AE25/2,10+5*(AE25/2-SUM($E25:F25))/G25,IF(SUM($E25:H25)>=AE25/2,15+5*(AE25/2-SUM($E25:G25))/H25,IF(SUM($E25:I25)>=AE25/2,20+5*(AE25/2-SUM($E25:H25))/I25,IF(SUM($E25:J25)>=AE25/2,25+5*(AE25/2-SUM($E25:I25))/J25,IF(SUM($E25:K25)>=AE25/2,30+5*(AE25/2-SUM($E25:J25))/K25,IF(SUM($E25:L25)>=AE25/2,35+5*(AE25/2-SUM($E25:K25))/L25,IF(SUM($E25:M25)>=AE25/2,40+5*(AE25/2-SUM($E25:L25))/M25,IF(SUM($E25:N25)>=AE25/2,45+5*(AE25/2-SUM($E25:M25))/N25,IF(SUM($E25:O25)>=AE25/2,50+5*(AE25/2-SUM($E25:N25))/O25,IF(SUM($E25:P25)>=AE25/2,55+5*(AE25/2-SUM($E25:O25))/P25,IF(SUM($E25:Q25)>=AE25/2,60+5*(AE25/2-SUM($E25:P25))/Q25,IF(SUM($E25:R25)>=AE25/2,65+5*(AE25/2-SUM($E25:Q25))/R25,IF(SUM($E25:S25)>=AE25/2,70+5*(AE25/2-SUM($E25:R25))/S25,IF(SUM($E25:T25)>=AE25/2,75+5*(AE25/2-SUM($E25:S25))/T25,"")))))))))))))))) | AL25: =SUM(H25:Q25) | AM25: 0.064 | AN25: 0.08 | AO25: =IF(AND(ISNUMBER(AN25),ISNUMBER(AM25)),(AN25-AM25)*100,"") | AP25: =IF(ISNUMBER(AN25),AN25*AL25,"") | AQ25: =IF(ISNUMBER(AN25),AL25,0) | BB25: =IF(BA25="Yes",AX25,0) | BC25: =IF(AND(BA25="Yes",ISNUMBER(AP25)),AP25,0) | BD25: =IF(BA25="Yes",AX25,IF(ISNUMBER(AP25),AP25,0))
A26: GBR | B26: United Kingdom | C26: Europe & Central Asia | D26: High income | E26: 3529142 | F26: 3965515 | G26: 4293656 | H26: 4212326 | I26: 4038458 | J26: 4429819 | K26: 4703187 | L26: 4569137 | M26: 4582640 | N26: 4201571 | O26: 4464825 | P26: 4569013 | Q26: 4236901 | R26: 3727288 | S26: 3218749 | T26: 2989986 | U26: 3754786 | V26: 35261706 | W26: 34225293 | X26: =SUM(E26:G26) | Y26: =SUM(H26:I26) | Z26: =SUM(J26:K26) | AA26: =SUM(L26:M26) | AB26: =SUM(N26:O26) | AC26: =SUM(P26:Q26) | AD26: =SUM(R26:U26) | AE26: =SUM(X26:AD26) | AF26: =AE26/SUM($AE$5:$AE$222) | AG26: =RANK(AE26,$AE$5:$AE$222) | AH26: 69281000 | AI26: =IF(AH26>0,AE26/AH26-1,"") | AJ26: 57602 | AK26: =IF(SUM($E26:E26)>=AE26/2,0+5*(AE26/2-0)/E26,IF(SUM($E26:F26)>=AE26/2,5+5*(AE26/2-SUM($E26:E26))/F26,IF(SUM($E26:G26)>=AE26/2,10+5*(AE26/2-SUM($E26:F26))/G26,IF(SUM($E26:H26)>=AE26/2,15+5*(AE26/2-SUM($E26:G26))/H26,IF(SUM($E26:I26)>=AE26/2,20+5*(AE26/2-SUM($E26:H26))/I26,IF(SUM($E26:J26)>=AE26/2,25+5*(AE26/2-SUM($E26:I26))/J26,IF(SUM($E26:K26)>=AE26/2,30+5*(AE26/2-SUM($E26:J26))/K26,IF(SUM($E26:L26)>=AE26/2,35+5*(AE26/2-SUM($E26:K26))/L26,IF(SUM($E26:M26)>=AE26/2,40+5*(AE26/2-SUM($E26:L26))/M26,IF(SUM($E26:N26)>=AE26/2,45+5*(AE26/2-SUM($E26:M26))/N26,IF(SUM($E26:O26)>=AE26/2,50+5*(AE26/2-SUM($E26:N26))/O26,IF(SUM($E26:P26)>=AE26/2,55+5*(AE26/2-SUM($E26:O26))/P26,IF(SUM($E26:Q26)>=AE26/2,60+5*(AE26/2-SUM($E26:P26))/Q26,IF(SUM($E26:R26)>=AE26/2,65+5*(AE26/2-SUM($E26:Q26))/R26,IF(SUM($E26:S26)>=AE26/2,70+5*(AE26/2-SUM($E26:R26))/S26,IF(SUM($E26:T26)>=AE26/2,75+5*(AE26/2-SUM($E26:S26))/T26,"")))))))))))))))) | AL26: =SUM(H26:Q26) | AM26: 0.364 | AN26: 0.437 | AO26: =IF(AND(ISNUMBER(AN26),ISNUMBER(AM26)),(AN26-AM26)*100,"") | AP26: =IF(ISNUMBER(AN26),AN26*AL26,"") | AQ26: =IF(ISNUMBER(AN26),AL26,0) | AR26: 0.54 | AS26: population | AT26: 16+ | AU26: 1 | AV26: =H26*0.8+I26+J26+K26+L26+M26+N26+O26+P26+Q26+R26+S26+T26+U26 | AX26: =IF(ISNUMBER(AW26),AW26,AR26*AU26*AV26) | AY26: =AX26/AV26 | AZ26: A | BA26: Yes | BB26: =IF(BA26="Yes",AX26,0) | BC26: =IF(AND(BA26="Yes",ISNUMBER(AP26)),AP26,0) | BD26: =IF(BA26="Yes",AX26,IF(ISNUMBER(AP26),AP26,0)) | BE26: Use AI tools (such as ChatGPT, Copilot or Gemini) | BF26: Late September - late November 2025 | BG26: Ofcom (UK communications regulator): Adults' Media Use and Attitudes 2026 | BH26: https://www.ofcom.org.uk/siteassets/resources/documents/research-and-data/media-literacy-research/adults/adults-media-use-and-attitudes-2026/adults-media-use-and-attitudes-2026-report.pdf
A27: FRA | B27: France | C27: Europe & Central Asia | D27: High income | E27: 3427890 | F27: 3676047 | G27: 4045853 | H27: 4287328 | I27: 4292227 | J27: 4033301 | K27: 3833949 | L27: 4089235 | M27: 4170311 | N27: 4204834 | O27: 4482277 | P27: 4365513 | Q27: 4320713 | R27: 4050854 | S27: 3744879 | T27: 3331983 | U27: 4363147 | V27: 35404382 | W27: 33315959 | X27: =SUM(E27:G27) | Y27: =SUM(H27:I27) | Z27: =SUM(J27:K27) | AA27: =SUM(L27:M27) | AB27: =SUM(N27:O27) | AC27: =SUM(P27:Q27) | AD27: =SUM(R27:U27) | AE27: =SUM(X27:AD27) | AF27: =AE27/SUM($AE$5:$AE$222) | AG27: =RANK(AE27,$AE$5:$AE$222) | AH27: 68551653 | AI27: =IF(AH27>0,AE27/AH27-1,"") | AJ27: 48986 | AK27: =IF(SUM($E27:E27)>=AE27/2,0+5*(AE27/2-0)/E27,IF(SUM($E27:F27)>=AE27/2,5+5*(AE27/2-SUM($E27:E27))/F27,IF(SUM($E27:G27)>=AE27/2,10+5*(AE27/2-SUM($E27:F27))/G27,IF(SUM($E27:H27)>=AE27/2,15+5*(AE27/2-SUM($E27:G27))/H27,IF(SUM($E27:I27)>=AE27/2,20+5*(AE27/2-SUM($E27:H27))/I27,IF(SUM($E27:J27)>=AE27/2,25+5*(AE27/2-SUM($E27:I27))/J27,IF(SUM($E27:K27)>=AE27/2,30+5*(AE27/2-SUM($E27:J27))/K27,IF(SUM($E27:L27)>=AE27/2,35+5*(AE27/2-SUM($E27:K27))/L27,IF(SUM($E27:M27)>=AE27/2,40+5*(AE27/2-SUM($E27:L27))/M27,IF(SUM($E27:N27)>=AE27/2,45+5*(AE27/2-SUM($E27:M27))/N27,IF(SUM($E27:O27)>=AE27/2,50+5*(AE27/2-SUM($E27:N27))/O27,IF(SUM($E27:P27)>=AE27/2,55+5*(AE27/2-SUM($E27:O27))/P27,IF(SUM($E27:Q27)>=AE27/2,60+5*(AE27/2-SUM($E27:P27))/Q27,IF(SUM($E27:R27)>=AE27/2,65+5*(AE27/2-SUM($E27:Q27))/R27,IF(SUM($E27:S27)>=AE27/2,70+5*(AE27/2-SUM($E27:R27))/S27,IF(SUM($E27:T27)>=AE27/2,75+5*(AE27/2-SUM($E27:S27))/T27,"")))))))))))))))) | AL27: =SUM(H27:Q27) | AM27: 0.409 | AN27: 0.496 | AO27: =IF(AND(ISNUMBER(AN27),ISNUMBER(AM27)),(AN27-AM27)*100,"") | AP27: =IF(ISNUMBER(AN27),AN27*AL27,"") | AQ27: =IF(ISNUMBER(AN27),AL27,0) | AR27: 0.3746 | AS27: population | AT27: 16-74 | AU27: 1 | AV27: =H27*0.8+I27+J27+K27+L27+M27+N27+O27+P27+Q27+R27+S27 | AX27: =IF(ISNUMBER(AW27),AW27,AR27*AU27*AV27) | AY27: =AX27/AV27 | AZ27: A | BA27: Yes | BB27: =IF(BA27="Yes",AX27,0) | BC27: =IF(AND(BA27="Yes",ISNUMBER(AP27)),AP27,0) | BD27: =IF(BA27="Yes",AX27,IF(ISNUMBER(AP27),AP27,0)) | BE27: Used generative AI tools in the last 3 months | BF27: 2025 survey (Q2, most countries) | BG27: Eurostat: ICT usage in households and by individuals 2025, dataset isoc_ai_iaiu | BH27: https://ec.europa.eu/eurostat/databrowser/view/isoc_ai_iaiu/default/table
A28: ZAF | B28: South Africa | C28: Sub-Saharan Africa | D28: Upper middle income | E28: 5890538 | F28: 5503144 | G28: 5261520 | H28: 5437788 | I28: 5130787 | J28: 5494540 | K28: 5703973 | L28: 5458643 | M28: 4829159 | N28: 3766957 | O28: 3017038 | P28: 2550322 | Q28: 2245038 | R28: 1778594 | S28: 1242854 | T28: 684105 | U28: 752320 | V28: 33243192 | W28: 31504128 | X28: =SUM(E28:G28) | Y28: =SUM(H28:I28) | Z28: =SUM(J28:K28) | AA28: =SUM(L28:M28) | AB28: =SUM(N28:O28) | AC28: =SUM(P28:Q28) | AD28: =SUM(R28:U28) | AE28: =SUM(X28:AD28) | AF28: =AE28/SUM($AE$5:$AE$222) | AG28: =RANK(AE28,$AE$5:$AE$222) | AH28: 64007187 | AI28: =IF(AH28>0,AE28/AH28-1,"") | AJ28: 6598 | AK28: =IF(SUM($E28:E28)>=AE28/2,0+5*(AE28/2-0)/E28,IF(SUM($E28:F28)>=AE28/2,5+5*(AE28/2-SUM($E28:E28))/F28,IF(SUM($E28:G28)>=AE28/2,10+5*(AE28/2-SUM($E28:F28))/G28,IF(SUM($E28:H28)>=AE28/2,15+5*(AE28/2-SUM($E28:G28))/H28,IF(SUM($E28:I28)>=AE28/2,20+5*(AE28/2-SUM($E28:H28))/I28,IF(SUM($E28:J28)>=AE28/2,25+5*(AE28/2-SUM($E28:I28))/J28,IF(SUM($E28:K28)>=AE28/2,30+5*(AE28/2-SUM($E28:J28))/K28,IF(SUM($E28:L28)>=AE28/2,35+5*(AE28/2-SUM($E28:K28))/L28,IF(SUM($E28:M28)>=AE28/2,40+5*(AE28/2-SUM($E28:L28))/M28,IF(SUM($E28:N28)>=AE28/2,45+5*(AE28/2-SUM($E28:M28))/N28,IF(SUM($E28:O28)>=AE28/2,50+5*(AE28/2-SUM($E28:N28))/O28,IF(SUM($E28:P28)>=AE28/2,55+5*(AE28/2-SUM($E28:O28))/P28,IF(SUM($E28:Q28)>=AE28/2,60+5*(AE28/2-SUM($E28:P28))/Q28,IF(SUM($E28:R28)>=AE28/2,65+5*(AE28/2-SUM($E28:Q28))/R28,IF(SUM($E28:S28)>=AE28/2,70+5*(AE28/2-SUM($E28:R28))/S28,IF(SUM($E28:T28)>=AE28/2,75+5*(AE28/2-SUM($E28:S28))/T28,"")))))))))))))))) | AL28: =SUM(H28:Q28) | AM28: 0.193 | AN28: 0.239 | AO28: =IF(AND(ISNUMBER(AN28),ISNUMBER(AM28)),(AN28-AM28)*100,"") | AP28: =IF(ISNUMBER(AN28),AN28*AL28,"") | AQ28: =IF(ISNUMBER(AN28),AL28,0) | AR28: 0.262 | AS28: population | AT28: 15+ | AU28: 1 | AV28: =H28+I28+J28+K28+L28+M28+N28+O28+P28+Q28+R28+S28+T28+U28 | AX28: =IF(ISNUMBER(AW28),AW28,AR28*AU28*AV28) | AY28: =AX28/AV28 | AZ28: C | BA28: No | BB28: =IF(BA28="Yes",AX28,0) | BC28: =IF(AND(BA28="Yes",ISNUMBER(AP28)),AP28,0) | BD28: =IF(BA28="Yes",AX28,IF(ISNUMBER(AP28),AP28,0)) | BE28: Have ever used AI (daily, weekly or monthly or less) | BF28: April-July 2026 (Gallup World Poll, probability sample ~1,000) | BG28: Gallup (World Poll; research run with Microsoft): AI Optimism Globally Widespread Despite Uneven Use | BH28: https://news.gallup.com/poll/714593/optimism-globally-widespread-despite-uneven.aspx
A29: ITA | B29: Italy | C29: Europe & Central Asia | D29: High income | E29: 1990927 | F29: 2268668 | G29: 2608301 | H29: 2895392 | I29: 3043153 | J29: 3087725 | K29: 3218370 | L29: 3331120 | M29: 3577152 | N29: 4125413 | O29: 4697020 | P29: 4784991 | Q29: 4500692 | R29: 3816791 | S29: 3289890 | T29: 3023107 | U29: 4656946 | V29: 30100973 | W29: 28814685 | X29: =SUM(E29:G29) | Y29: =SUM(H29:I29) | Z29: =SUM(J29:K29) | AA29: =SUM(L29:M29) | AB29: =SUM(N29:O29) | AC29: =SUM(P29:Q29) | AD29: =SUM(R29:U29) | AE29: =SUM(X29:AD29) | AF29: =AE29/SUM($AE$5:$AE$222) | AG29: =RANK(AE29,$AE$5:$AE$222) | AH29: 58952704 | AI29: =IF(AH29>0,AE29/AH29-1,"") | AJ29: 43309 | AK29: =IF(SUM($E29:E29)>=AE29/2,0+5*(AE29/2-0)/E29,IF(SUM($E29:F29)>=AE29/2,5+5*(AE29/2-SUM($E29:E29))/F29,IF(SUM($E29:G29)>=AE29/2,10+5*(AE29/2-SUM($E29:F29))/G29,IF(SUM($E29:H29)>=AE29/2,15+5*(AE29/2-SUM($E29:G29))/H29,IF(SUM($E29:I29)>=AE29/2,20+5*(AE29/2-SUM($E29:H29))/I29,IF(SUM($E29:J29)>=AE29/2,25+5*(AE29/2-SUM($E29:I29))/J29,IF(SUM($E29:K29)>=AE29/2,30+5*(AE29/2-SUM($E29:J29))/K29,IF(SUM($E29:L29)>=AE29/2,35+5*(AE29/2-SUM($E29:K29))/L29,IF(SUM($E29:M29)>=AE29/2,40+5*(AE29/2-SUM($E29:L29))/M29,IF(SUM($E29:N29)>=AE29/2,45+5*(AE29/2-SUM($E29:M29))/N29,IF(SUM($E29:O29)>=AE29/2,50+5*(AE29/2-SUM($E29:N29))/O29,IF(SUM($E29:P29)>=AE29/2,55+5*(AE29/2-SUM($E29:O29))/P29,IF(SUM($E29:Q29)>=AE29/2,60+5*(AE29/2-SUM($E29:P29))/Q29,IF(SUM($E29:R29)>=AE29/2,65+5*(AE29/2-SUM($E29:Q29))/R29,IF(SUM($E29:S29)>=AE29/2,70+5*(AE29/2-SUM($E29:R29))/S29,IF(SUM($E29:T29)>=AE29/2,75+5*(AE29/2-SUM($E29:S29))/T29,"")))))))))))))))) | AL29: =SUM(H29:Q29) | AM29: 0.258 | AN29: 0.314 | AO29: =IF(AND(ISNUMBER(AN29),ISNUMBER(AM29)),(AN29-AM29)*100,"") | AP29: =IF(ISNUMBER(AN29),AN29*AL29,"") | AQ29: =IF(ISNUMBER(AN29),AL29,0) | AR29: 0.1986 | AS29: population | AT29: 16-74 | AU29: 1 | AV29: =H29*0.8+I29+J29+K29+L29+M29+N29+O29+P29+Q29+R29+S29 | AX29: =IF(ISNUMBER(AW29),AW29,AR29*AU29*AV29) | AY29: =AX29/AV29 | AZ29: A | BA29: Yes | BB29: =IF(BA29="Yes",AX29,0) | BC29: =IF(AND(BA29="Yes",ISNUMBER(AP29)),AP29,0) | BD29: =IF(BA29="Yes",AX29,IF(ISNUMBER(AP29),AP29,0)) | BE29: Used generative AI tools in the last 3 months | BF29: 2025 survey (Q2, most countries) | BG29: Eurostat: ICT usage in households and by individuals 2025, dataset isoc_ai_iaiu | BH29: https://ec.europa.eu/eurostat/databrowser/view/isoc_ai_iaiu/default/table
A30: KEN | B30: Kenya | C30: Sub-Saharan Africa | D30: Lower middle income | E30: 7201067 | F30: 6839603 | G30: 6819343 | H30: 6641849 | I30: 5736632 | J30: 4816336 | K30: 4147995 | L30: 3692651 | M30: 3024083 | N30: 2399257 | O30: 1902384 | P30: 1483084 | Q30: 1090184 | R30: 730209 | S30: 444513 | T30: 285249 | U30: 278059 | V30: 28935940 | W30: 28596558 | X30: =SUM(E30:G30) | Y30: =SUM(H30:I30) | Z30: =SUM(J30:K30) | AA30: =SUM(L30:M30) | AB30: =SUM(N30:O30) | AC30: =SUM(P30:Q30) | AD30: =SUM(R30:U30) | AE30: =SUM(X30:AD30) | AF30: =AE30/SUM($AE$5:$AE$222) | AG30: =RANK(AE30,$AE$5:$AE$222) | AH30: 56432944 | AI30: =IF(AH30>0,AE30/AH30-1,"") | AJ30: 2363 | AK30: =IF(SUM($E30:E30)>=AE30/2,0+5*(AE30/2-0)/E30,IF(SUM($E30:F30)>=AE30/2,5+5*(AE30/2-SUM($E30:E30))/F30,IF(SUM($E30:G30)>=AE30/2,10+5*(AE30/2-SUM($E30:F30))/G30,IF(SUM($E30:H30)>=AE30/2,15+5*(AE30/2-SUM($E30:G30))/H30,IF(SUM($E30:I30)>=AE30/2,20+5*(AE30/2-SUM($E30:H30))/I30,IF(SUM($E30:J30)>=AE30/2,25+5*(AE30/2-SUM($E30:I30))/J30,IF(SUM($E30:K30)>=AE30/2,30+5*(AE30/2-SUM($E30:J30))/K30,IF(SUM($E30:L30)>=AE30/2,35+5*(AE30/2-SUM($E30:K30))/L30,IF(SUM($E30:M30)>=AE30/2,40+5*(AE30/2-SUM($E30:L30))/M30,IF(SUM($E30:N30)>=AE30/2,45+5*(AE30/2-SUM($E30:M30))/N30,IF(SUM($E30:O30)>=AE30/2,50+5*(AE30/2-SUM($E30:N30))/O30,IF(SUM($E30:P30)>=AE30/2,55+5*(AE30/2-SUM($E30:O30))/P30,IF(SUM($E30:Q30)>=AE30/2,60+5*(AE30/2-SUM($E30:P30))/Q30,IF(SUM($E30:R30)>=AE30/2,65+5*(AE30/2-SUM($E30:Q30))/R30,IF(SUM($E30:S30)>=AE30/2,70+5*(AE30/2-SUM($E30:R30))/S30,IF(SUM($E30:T30)>=AE30/2,75+5*(AE30/2-SUM($E30:S30))/T30,"")))))))))))))))) | AL30: =SUM(H30:Q30) | AM30: 0.078 | AN30: 0.089 | AO30: =IF(AND(ISNUMBER(AN30),ISNUMBER(AM30)),(AN30-AM30)*100,"") | AP30: =IF(ISNUMBER(AN30),AN30*AL30,"") | AQ30: =IF(ISNUMBER(AN30),AL30,0) | AR30: 0.226 | AS30: population | AT30: 15+ | AU30: 1 | AV30: =H30+I30+J30+K30+L30+M30+N30+O30+P30+Q30+R30+S30+T30+U30 | AX30: =IF(ISNUMBER(AW30),AW30,AR30*AU30*AV30) | AY30: =AX30/AV30 | AZ30: C | BA30: No | BB30: =IF(BA30="Yes",AX30,0) | BC30: =IF(AND(BA30="Yes",ISNUMBER(AP30)),AP30,0) | BD30: =IF(BA30="Yes",AX30,IF(ISNUMBER(AP30),AP30,0)) | BE30: Have ever used AI (daily, weekly or monthly or less) | BF30: April-July 2026 (Gallup World Poll, probability sample ~1,000) | BG30: Gallup (World Poll; research run with Microsoft): AI Optimism Globally Widespread Despite Uneven Use | BH30: https://news.gallup.com/poll/714593/optimism-globally-widespread-despite-uneven.aspx
A31: MMR | B31: Myanmar | C31: East Asia & Pacific | D31: Lower middle income | E31: 4363894 | F31: 4465726 | G31: 4377669 | H31: 4374135 | I31: 4481601 | J31: 4392285 | K31: 4290789 | L31: 4102025 | M31: 4016071 | N31: 3571378 | O31: 3202244 | P31: 2790436 | Q31: 2296411 | R31: 1768027 | S31: 1224075 | T31: 668871 | U31: 465014 | V31: 27557103 | W31: 27293548 | X31: =SUM(E31:G31) | Y31: =SUM(H31:I31) | Z31: =SUM(J31:K31) | AA31: =SUM(L31:M31) | AB31: =SUM(N31:O31) | AC31: =SUM(P31:Q31) | AD31: =SUM(R31:U31) | AE31: =SUM(X31:AD31) | AF31: =AE31/SUM($AE$5:$AE$222) | AG31: =RANK(AE31,$AE$5:$AE$222) | AH31: 54500091 | AI31: =IF(AH31>0,AE31/AH31-1,"") | AJ31: 1489 | AK31: =IF(SUM($E31:E31)>=AE31/2,0+5*(AE31/2-0)/E31,IF(SUM($E31:F31)>=AE31/2,5+5*(AE31/2-SUM($E31:E31))/F31,IF(SUM($E31:G31)>=AE31/2,10+5*(AE31/2-SUM($E31:F31))/G31,IF(SUM($E31:H31)>=AE31/2,15+5*(AE31/2-SUM($E31:G31))/H31,IF(SUM($E31:I31)>=AE31/2,20+5*(AE31/2-SUM($E31:H31))/I31,IF(SUM($E31:J31)>=AE31/2,25+5*(AE31/2-SUM($E31:I31))/J31,IF(SUM($E31:K31)>=AE31/2,30+5*(AE31/2-SUM($E31:J31))/K31,IF(SUM($E31:L31)>=AE31/2,35+5*(AE31/2-SUM($E31:K31))/L31,IF(SUM($E31:M31)>=AE31/2,40+5*(AE31/2-SUM($E31:L31))/M31,IF(SUM($E31:N31)>=AE31/2,45+5*(AE31/2-SUM($E31:M31))/N31,IF(SUM($E31:O31)>=AE31/2,50+5*(AE31/2-SUM($E31:N31))/O31,IF(SUM($E31:P31)>=AE31/2,55+5*(AE31/2-SUM($E31:O31))/P31,IF(SUM($E31:Q31)>=AE31/2,60+5*(AE31/2-SUM($E31:P31))/Q31,IF(SUM($E31:R31)>=AE31/2,65+5*(AE31/2-SUM($E31:Q31))/R31,IF(SUM($E31:S31)>=AE31/2,70+5*(AE31/2-SUM($E31:R31))/S31,IF(SUM($E31:T31)>=AE31/2,75+5*(AE31/2-SUM($E31:S31))/T31,"")))))))))))))))) | AL31: =SUM(H31:Q31) | AM31: 0.084 | AN31: 0.104 | AO31: =IF(AND(ISNUMBER(AN31),ISNUMBER(AM31)),(AN31-AM31)*100,"") | AP31: =IF(ISNUMBER(AN31),AN31*AL31,"") | AQ31: =IF(ISNUMBER(AN31),AL31,0) | BB31: =IF(BA31="Yes",AX31,0) | BC31: =IF(AND(BA31="Yes",ISNUMBER(AP31)),AP31,0) | BD31: =IF(BA31="Yes",AX31,IF(ISNUMBER(AP31),AP31,0))
A32: COL | B32: Colombia | C32: Latin America & Caribbean | D32: Upper middle income | E32: 3535712 | F32: 3528306 | G32: 3617328 | H32: 3913373 | I32: 4296992 | J32: 4582293 | K32: 4571708 | L32: 4126999 | M32: 3811092 | N32: 3398046 | O32: 3055843 | P32: 2914247 | Q32: 2624225 | R32: 2079828 | S32: 1502293 | T32: 981872 | U32: 885478 | V32: 27067166 | W32: 26358469 | X32: =SUM(E32:G32) | Y32: =SUM(H32:I32) | Z32: =SUM(J32:K32) | AA32: =SUM(L32:M32) | AB32: =SUM(N32:O32) | AC32: =SUM(P32:Q32) | AD32: =SUM(R32:U32) | AE32: =SUM(X32:AD32) | AF32: =AE32/SUM($AE$5:$AE$222) | AG32: =RANK(AE32,$AE$5:$AE$222) | AH32: 52886363 | AI32: =IF(AH32>0,AE32/AH32-1,"") | AJ32: 8562 | AK32: =IF(SUM($E32:E32)>=AE32/2,0+5*(AE32/2-0)/E32,IF(SUM($E32:F32)>=AE32/2,5+5*(AE32/2-SUM($E32:E32))/F32,IF(SUM($E32:G32)>=AE32/2,10+5*(AE32/2-SUM($E32:F32))/G32,IF(SUM($E32:H32)>=AE32/2,15+5*(AE32/2-SUM($E32:G32))/H32,IF(SUM($E32:I32)>=AE32/2,20+5*(AE32/2-SUM($E32:H32))/I32,IF(SUM($E32:J32)>=AE32/2,25+5*(AE32/2-SUM($E32:I32))/J32,IF(SUM($E32:K32)>=AE32/2,30+5*(AE32/2-SUM($E32:J32))/K32,IF(SUM($E32:L32)>=AE32/2,35+5*(AE32/2-SUM($E32:K32))/L32,IF(SUM($E32:M32)>=AE32/2,40+5*(AE32/2-SUM($E32:L32))/M32,IF(SUM($E32:N32)>=AE32/2,45+5*(AE32/2-SUM($E32:M32))/N32,IF(SUM($E32:O32)>=AE32/2,50+5*(AE32/2-SUM($E32:N32))/O32,IF(SUM($E32:P32)>=AE32/2,55+5*(AE32/2-SUM($E32:O32))/P32,IF(SUM($E32:Q32)>=AE32/2,60+5*(AE32/2-SUM($E32:P32))/Q32,IF(SUM($E32:R32)>=AE32/2,65+5*(AE32/2-SUM($E32:Q32))/R32,IF(SUM($E32:S32)>=AE32/2,70+5*(AE32/2-SUM($E32:R32))/S32,IF(SUM($E32:T32)>=AE32/2,75+5*(AE32/2-SUM($E32:S32))/T32,"")))))))))))))))) | AL32: =SUM(H32:Q32) | AM32: 0.204 | AN32: 0.259 | AO32: =IF(AND(ISNUMBER(AN32),ISNUMBER(AM32)),(AN32-AM32)*100,"") | AP32: =IF(ISNUMBER(AN32),AN32*AL32,"") | AQ32: =IF(ISNUMBER(AN32),AL32,0) | AR32: 0.18 | AS32: internet users | AT32: 5+ | AU32: 0.793 | AV32: =F32+G32+H32+I32+J32+K32+L32+M32+N32+O32+P32+Q32+R32+S32+T32+U32 | AX32: =IF(ISNUMBER(AW32),AW32,AR32*AU32*AV32) | AY32: =AX32/AV32 | AZ32: A | BA32: Yes | BB32: =IF(BA32="Yes",AX32,0) | BC32: =IF(AND(BA32="Yes",ISNUMBER(AP32)),AP32,0) | BD32: =IF(BA32="Yes",AX32,IF(ISNUMBER(AP32),AP32,0)) | BE32: Used artificial-intelligence tools through the internet (share of internet users aged 5+) | BF32: 2024 survey | BG32: DANE (national statistics office, with MinTIC): ENTIC Hogares 2024, technical bulletin | BH32: https://www.dane.gov.co/files/operaciones/ENTIC/bol-ENTICHogares-2024.pdf
A33: KOR | B33: Korea, Rep. | C33: East Asia & Pacific | D33: High income | E33: 1248560 | F33: 1750761 | G33: 2274814 | H33: 2309544 | I33: 2707044 | J33: 3451824 | K33: 3649272 | L33: 3289689 | M33: 3848403 | N33: 3869167 | O33: 4328991 | P33: 4301791 | Q33: 4147017 | R33: 3687299 | S33: 2499607 | T33: 1791475 | U33: 2529308 | V33: 25901006 | W33: 25783560 | X33: =SUM(E33:G33) | Y33: =SUM(H33:I33) | Z33: =SUM(J33:K33) | AA33: =SUM(L33:M33) | AB33: =SUM(N33:O33) | AC33: =SUM(P33:Q33) | AD33: =SUM(R33:U33) | AE33: =SUM(X33:AD33) | AF33: =AE33/SUM($AE$5:$AE$222) | AG33: =RANK(AE33,$AE$5:$AE$222) | AH33: 51751065 | AI33: =IF(AH33>0,AE33/AH33-1,"") | AJ33: 36227 | AK33: =IF(SUM($E33:E33)>=AE33/2,0+5*(AE33/2-0)/E33,IF(SUM($E33:F33)>=AE33/2,5+5*(AE33/2-SUM($E33:E33))/F33,IF(SUM($E33:G33)>=AE33/2,10+5*(AE33/2-SUM($E33:F33))/G33,IF(SUM($E33:H33)>=AE33/2,15+5*(AE33/2-SUM($E33:G33))/H33,IF(SUM($E33:I33)>=AE33/2,20+5*(AE33/2-SUM($E33:H33))/I33,IF(SUM($E33:J33)>=AE33/2,25+5*(AE33/2-SUM($E33:I33))/J33,IF(SUM($E33:K33)>=AE33/2,30+5*(AE33/2-SUM($E33:J33))/K33,IF(SUM($E33:L33)>=AE33/2,35+5*(AE33/2-SUM($E33:K33))/L33,IF(SUM($E33:M33)>=AE33/2,40+5*(AE33/2-SUM($E33:L33))/M33,IF(SUM($E33:N33)>=AE33/2,45+5*(AE33/2-SUM($E33:M33))/N33,IF(SUM($E33:O33)>=AE33/2,50+5*(AE33/2-SUM($E33:N33))/O33,IF(SUM($E33:P33)>=AE33/2,55+5*(AE33/2-SUM($E33:O33))/P33,IF(SUM($E33:Q33)>=AE33/2,60+5*(AE33/2-SUM($E33:P33))/Q33,IF(SUM($E33:R33)>=AE33/2,65+5*(AE33/2-SUM($E33:Q33))/R33,IF(SUM($E33:S33)>=AE33/2,70+5*(AE33/2-SUM($E33:R33))/S33,IF(SUM($E33:T33)>=AE33/2,75+5*(AE33/2-SUM($E33:S33))/T33,"")))))))))))))))) | AL33: =SUM(H33:Q33) | AM33: 0.259 | AN33: 0.406 | AO33: =IF(AND(ISNUMBER(AN33),ISNUMBER(AM33)),(AN33-AM33)*100,"") | AP33: =IF(ISNUMBER(AN33),AN33*AL33,"") | AQ33: =IF(ISNUMBER(AN33),AL33,0) | AR33: 0.445 | AS33: internet users | AT33: 12+ | AU33: 0.95 | AV33: =G33*0.6+H33+I33+J33+K33+L33+M33+N33+O33+P33+Q33+R33+S33+T33+U33 | AX33: =IF(ISNUMBER(AW33),AW33,AR33*AU33*AV33) | AY33: =AX33/AV33 | AZ33: A | BA33: Yes | BB33: =IF(BA33="Yes",AX33,0) | BC33: =IF(AND(BA33="Yes",ISNUMBER(AP33)),AP33,0) | BD33: =IF(BA33="Yes",AX33,IF(ISNUMBER(AP33),AP33,0)) | BE33: Used a generative AI-based service within the last year (share of internet users aged 12+) | BF33: Fieldwork 17 Oct - 12 Dec 2025 (in-home interviews, 50,750 people) | BG33: Ministry of Science and ICT (MSIT) and National Information Society Agency (NIA): 2025 Internet Usage Survey (approved national statistic No. 120005) | BH33: https://www.nia.or.kr/site/nia_kor/ex/bbs/View.do?cbIdx=99870&bcIdx=29198&parentSeq=29198
A34: SDN | B34: Sudan | C34: Sub-Saharan Africa | D34: Low income | E34: 7731508 | F34: 6943727 | G34: 6099839 | H34: 5532033 | I34: 4858165 | J34: 4266905 | K34: 3591914 | L34: 2846867 | M34: 2315961 | N34: 1844108 | O34: 1556809 | P34: 1289842 | Q34: 1034663 | R34: 786697 | S34: 509330 | T34: 268101 | U34: 185677 | V34: 26057105 | W34: 25605041 | X34: =SUM(E34:G34) | Y34: =SUM(H34:I34) | Z34: =SUM(J34:K34) | AA34: =SUM(L34:M34) | AB34: =SUM(N34:O34) | AC34: =SUM(P34:Q34) | AD34: =SUM(R34:U34) | AE34: =SUM(X34:AD34) | AF34: =AE34/SUM($AE$5:$AE$222) | AG34: =RANK(AE34,$AE$5:$AE$222) | AH34: 50448963 | AI34: =IF(AH34>0,AE34/AH34-1,"") | AJ34: 1165 | AK34: =IF(SUM($E34:E34)>=AE34/2,0+5*(AE34/2-0)/E34,IF(SUM($E34:F34)>=AE34/2,5+5*(AE34/2-SUM($E34:E34))/F34,IF(SUM($E34:G34)>=AE34/2,10+5*(AE34/2-SUM($E34:F34))/G34,IF(SUM($E34:H34)>=AE34/2,15+5*(AE34/2-SUM($E34:G34))/H34,IF(SUM($E34:I34)>=AE34/2,20+5*(AE34/2-SUM($E34:H34))/I34,IF(SUM($E34:J34)>=AE34/2,25+5*(AE34/2-SUM($E34:I34))/J34,IF(SUM($E34:K34)>=AE34/2,30+5*(AE34/2-SUM($E34:J34))/K34,IF(SUM($E34:L34)>=AE34/2,35+5*(AE34/2-SUM($E34:K34))/L34,IF(SUM($E34:M34)>=AE34/2,40+5*(AE34/2-SUM($E34:L34))/M34,IF(SUM($E34:N34)>=AE34/2,45+5*(AE34/2-SUM($E34:M34))/N34,IF(SUM($E34:O34)>=AE34/2,50+5*(AE34/2-SUM($E34:N34))/O34,IF(SUM($E34:P34)>=AE34/2,55+5*(AE34/2-SUM($E34:O34))/P34,IF(SUM($E34:Q34)>=AE34/2,60+5*(AE34/2-SUM($E34:P34))/Q34,IF(SUM($E34:R34)>=AE34/2,65+5*(AE34/2-SUM($E34:Q34))/R34,IF(SUM($E34:S34)>=AE34/2,70+5*(AE34/2-SUM($E34:R34))/S34,IF(SUM($E34:T34)>=AE34/2,75+5*(AE34/2-SUM($E34:S34))/T34,"")))))))))))))))) | AL34: =SUM(H34:Q34) | AM34: 0.064 | AN34: 0.08 | AO34: =IF(AND(ISNUMBER(AN34),ISNUMBER(AM34)),(AN34-AM34)*100,"") | AP34: =IF(ISNUMBER(AN34),AN34*AL34,"") | AQ34: =IF(ISNUMBER(AN34),AL34,0) | BB34: =IF(BA34="Yes",AX34,0) | BC34: =IF(AND(BA34="Yes",ISNUMBER(AP34)),AP34,0) | BD34: =IF(BA34="Yes",AX34,IF(ISNUMBER(AP34),AP34,0))
A35: UGA | B35: Uganda | C35: Sub-Saharan Africa | D35: Low income | E35: 8173066 | F35: 7345301 | G35: 6634258 | H35: 5925433 | I35: 5117751 | J35: 4376821 | K35: 3584279 | L35: 2725555 | M35: 1974254 | N35: 1526447 | O35: 1232441 | P35: 950318 | Q35: 673856 | R35: 467468 | S35: 315234 | T35: 186068 | U35: 176343 | V35: 25889256 | W35: 25495637 | X35: =SUM(E35:G35) | Y35: =SUM(H35:I35) | Z35: =SUM(J35:K35) | AA35: =SUM(L35:M35) | AB35: =SUM(N35:O35) | AC35: =SUM(P35:Q35) | AD35: =SUM(R35:U35) | AE35: =SUM(X35:AD35) | AF35: =AE35/SUM($AE$5:$AE$222) | AG35: =RANK(AE35,$AE$5:$AE$222) | AH35: 50015092 | AI35: =IF(AH35>0,AE35/AH35-1,"") | AJ35: 1206 | AK35: =IF(SUM($E35:E35)>=AE35/2,0+5*(AE35/2-0)/E35,IF(SUM($E35:F35)>=AE35/2,5+5*(AE35/2-SUM($E35:E35))/F35,IF(SUM($E35:G35)>=AE35/2,10+5*(AE35/2-SUM($E35:F35))/G35,IF(SUM($E35:H35)>=AE35/2,15+5*(AE35/2-SUM($E35:G35))/H35,IF(SUM($E35:I35)>=AE35/2,20+5*(AE35/2-SUM($E35:H35))/I35,IF(SUM($E35:J35)>=AE35/2,25+5*(AE35/2-SUM($E35:I35))/J35,IF(SUM($E35:K35)>=AE35/2,30+5*(AE35/2-SUM($E35:J35))/K35,IF(SUM($E35:L35)>=AE35/2,35+5*(AE35/2-SUM($E35:K35))/L35,IF(SUM($E35:M35)>=AE35/2,40+5*(AE35/2-SUM($E35:L35))/M35,IF(SUM($E35:N35)>=AE35/2,45+5*(AE35/2-SUM($E35:M35))/N35,IF(SUM($E35:O35)>=AE35/2,50+5*(AE35/2-SUM($E35:N35))/O35,IF(SUM($E35:P35)>=AE35/2,55+5*(AE35/2-SUM($E35:O35))/P35,IF(SUM($E35:Q35)>=AE35/2,60+5*(AE35/2-SUM($E35:P35))/Q35,IF(SUM($E35:R35)>=AE35/2,65+5*(AE35/2-SUM($E35:Q35))/R35,IF(SUM($E35:S35)>=AE35/2,70+5*(AE35/2-SUM($E35:R35))/S35,IF(SUM($E35:T35)>=AE35/2,75+5*(AE35/2-SUM($E35:S35))/T35,"")))))))))))))))) | AL35: =SUM(H35:Q35) | AM35: 0.064 | AN35: 0.08 | AO35: =IF(AND(ISNUMBER(AN35),ISNUMBER(AM35)),(AN35-AM35)*100,"") | AP35: =IF(ISNUMBER(AN35),AN35*AL35,"") | AQ35: =IF(ISNUMBER(AN35),AL35,0) | BB35: =IF(BA35="Yes",AX35,0) | BC35: =IF(AND(BA35="Yes",ISNUMBER(AP35)),AP35,0) | BD35: =IF(BA35="Yes",AX35,IF(ISNUMBER(AP35),AP35,0))
A36: ESP | B36: Spain | C36: Europe & Central Asia | D36: High income | E36: 1761462 | F36: 2065012 | G36: 2401716 | H36: 2660152 | I36: 2618468 | J36: 2540574 | K36: 2728467 | L36: 2984518 | M36: 3448614 | N36: 4088649 | O36: 4033445 | P36: 3822036 | Q36: 3520549 | R36: 2983853 | S36: 2406244 | T36: 2089513 | U36: 3201869 | V36: 25128971 | W36: 24226170 | X36: =SUM(E36:G36) | Y36: =SUM(H36:I36) | Z36: =SUM(J36:K36) | AA36: =SUM(L36:M36) | AB36: =SUM(N36:O36) | AC36: =SUM(P36:Q36) | AD36: =SUM(R36:U36) | AE36: =SUM(X36:AD36) | AF36: =AE36/SUM($AE$5:$AE$222) | AG36: =RANK(AE36,$AE$5:$AE$222) | AH36: 48848840 | AI36: =IF(AH36>0,AE36/AH36-1,"") | AJ36: 38627 | AK36: =IF(SUM($E36:E36)>=AE36/2,0+5*(AE36/2-0)/E36,IF(SUM($E36:F36)>=AE36/2,5+5*(AE36/2-SUM($E36:E36))/F36,IF(SUM($E36:G36)>=AE36/2,10+5*(AE36/2-SUM($E36:F36))/G36,IF(SUM($E36:H36)>=AE36/2,15+5*(AE36/2-SUM($E36:G36))/H36,IF(SUM($E36:I36)>=AE36/2,20+5*(AE36/2-SUM($E36:H36))/I36,IF(SUM($E36:J36)>=AE36/2,25+5*(AE36/2-SUM($E36:I36))/J36,IF(SUM($E36:K36)>=AE36/2,30+5*(AE36/2-SUM($E36:J36))/K36,IF(SUM($E36:L36)>=AE36/2,35+5*(AE36/2-SUM($E36:K36))/L36,IF(SUM($E36:M36)>=AE36/2,40+5*(AE36/2-SUM($E36:L36))/M36,IF(SUM($E36:N36)>=AE36/2,45+5*(AE36/2-SUM($E36:M36))/N36,IF(SUM($E36:O36)>=AE36/2,50+5*(AE36/2-SUM($E36:N36))/O36,IF(SUM($E36:P36)>=AE36/2,55+5*(AE36/2-SUM($E36:O36))/P36,IF(SUM($E36:Q36)>=AE36/2,60+5*(AE36/2-SUM($E36:P36))/Q36,IF(SUM($E36:R36)>=AE36/2,65+5*(AE36/2-SUM($E36:Q36))/R36,IF(SUM($E36:S36)>=AE36/2,70+5*(AE36/2-SUM($E36:R36))/S36,IF(SUM($E36:T36)>=AE36/2,75+5*(AE36/2-SUM($E36:S36))/T36,"")))))))))))))))) | AL36: =SUM(H36:Q36) | AM36: 0.397 | AN36: 0.451 | AO36: =IF(AND(ISNUMBER(AN36),ISNUMBER(AM36)),(AN36-AM36)*100,"") | AP36: =IF(ISNUMBER(AN36),AN36*AL36,"") | AQ36: =IF(ISNUMBER(AN36),AL36,0) | AR36: 0.3788 | AS36: population | AT36: 16-74 | AU36: 1 | AV36: =H36*0.8+I36+J36+K36+L36+M36+N36+O36+P36+Q36+R36+S36 | AX36: =IF(ISNUMBER(AW36),AW36,AR36*AU36*AV36) | AY36: =AX36/AV36 | AZ36: A | BA36: Yes | BB36: =IF(BA36="Yes",AX36,0) | BC36: =IF(AND(BA36="Yes",ISNUMBER(AP36)),AP36,0) | BD36: =IF(BA36="Yes",AX36,IF(ISNUMBER(AP36),AP36,0)) | BE36: Used generative AI tools in the last 3 months | BF36: 2025 survey (Q2, most countries) | BG36: Eurostat: ICT usage in households and by individuals 2025, dataset isoc_ai_iaiu | BH36: https://ec.europa.eu/eurostat/databrowser/view/isoc_ai_iaiu/default/table
A37: DZA | B37: Algeria | C37: Middle East, North Africa, Afghanistan & Pakistan | D37: Upper middle income | E37: 4504566 | F37: 4994035 | G37: 4696653 | H37: 3846755 | I37: 2979691 | J37: 2943984 | K37: 3423690 | L37: 3683509 | M37: 3618094 | N37: 3098636 | O37: 2564975 | P37: 2162522 | Q37: 1689786 | R37: 1276939 | S37: 936960 | T37: 539772 | U37: 474743 | V37: 23248466 | W37: 24186844 | X37: =SUM(E37:G37) | Y37: =SUM(H37:I37) | Z37: =SUM(J37:K37) | AA37: =SUM(L37:M37) | AB37: =SUM(N37:O37) | AC37: =SUM(P37:Q37) | AD37: =SUM(R37:U37) | AE37: =SUM(X37:AD37) | AF37: =AE37/SUM($AE$5:$AE$222) | AG37: =RANK(AE37,$AE$5:$AE$222) | AH37: 46814308 | AI37: =IF(AH37>0,AE37/AH37-1,"") | AJ37: 6051 | AK37: =IF(SUM($E37:E37)>=AE37/2,0+5*(AE37/2-0)/E37,IF(SUM($E37:F37)>=AE37/2,5+5*(AE37/2-SUM($E37:E37))/F37,IF(SUM($E37:G37)>=AE37/2,10+5*(AE37/2-SUM($E37:F37))/G37,IF(SUM($E37:H37)>=AE37/2,15+5*(AE37/2-SUM($E37:G37))/H37,IF(SUM($E37:I37)>=AE37/2,20+5*(AE37/2-SUM($E37:H37))/I37,IF(SUM($E37:J37)>=AE37/2,25+5*(AE37/2-SUM($E37:I37))/J37,IF(SUM($E37:K37)>=AE37/2,30+5*(AE37/2-SUM($E37:J37))/K37,IF(SUM($E37:L37)>=AE37/2,35+5*(AE37/2-SUM($E37:K37))/L37,IF(SUM($E37:M37)>=AE37/2,40+5*(AE37/2-SUM($E37:L37))/M37,IF(SUM($E37:N37)>=AE37/2,45+5*(AE37/2-SUM($E37:M37))/N37,IF(SUM($E37:O37)>=AE37/2,50+5*(AE37/2-SUM($E37:N37))/O37,IF(SUM($E37:P37)>=AE37/2,55+5*(AE37/2-SUM($E37:O37))/P37,IF(SUM($E37:Q37)>=AE37/2,60+5*(AE37/2-SUM($E37:P37))/Q37,IF(SUM($E37:R37)>=AE37/2,65+5*(AE37/2-SUM($E37:Q37))/R37,IF(SUM($E37:S37)>=AE37/2,70+5*(AE37/2-SUM($E37:R37))/S37,IF(SUM($E37:T37)>=AE37/2,75+5*(AE37/2-SUM($E37:S37))/T37,"")))))))))))))))) | AL37: =SUM(H37:Q37) | AM37: 0.113 | AN37: 0.138 | AO37: =IF(AND(ISNUMBER(AN37),ISNUMBER(AM37)),(AN37-AM37)*100,"") | AP37: =IF(ISNUMBER(AN37),AN37*AL37,"") | AQ37: =IF(ISNUMBER(AN37),AL37,0) | BB37: =IF(BA37="Yes",AX37,0) | BC37: =IF(AND(BA37="Yes",ISNUMBER(AP37)),AP37,0) | BD37: =IF(BA37="Yes",AX37,IF(ISNUMBER(AP37),AP37,0))
A38: IRQ | B38: Iraq | C38: Middle East, North Africa, Afghanistan & Pakistan | D38: Upper middle income | E38: 5665567 | F38: 5498309 | G38: 5776297 | H38: 4922879 | I38: 4323880 | J38: 3930974 | K38: 3485545 | L38: 2897055 | M38: 2473544 | N38: 2141560 | O38: 1819751 | P38: 1434408 | Q38: 1029170 | R38: 605100 | S38: 515690 | T38: 287710 | U38: 213334 | V38: 23407478 | W38: 23613295 | X38: =SUM(E38:G38) | Y38: =SUM(H38:I38) | Z38: =SUM(J38:K38) | AA38: =SUM(L38:M38) | AB38: =SUM(N38:O38) | AC38: =SUM(P38:Q38) | AD38: =SUM(R38:U38) | AE38: =SUM(X38:AD38) | AF38: =AE38/SUM($AE$5:$AE$222) | AG38: =RANK(AE38,$AE$5:$AE$222) | AH38: 46042015 | AI38: =IF(AH38>0,AE38/AH38-1,"") | AJ38: 5410 | AK38: =IF(SUM($E38:E38)>=AE38/2,0+5*(AE38/2-0)/E38,IF(SUM($E38:F38)>=AE38/2,5+5*(AE38/2-SUM($E38:E38))/F38,IF(SUM($E38:G38)>=AE38/2,10+5*(AE38/2-SUM($E38:F38))/G38,IF(SUM($E38:H38)>=AE38/2,15+5*(AE38/2-SUM($E38:G38))/H38,IF(SUM($E38:I38)>=AE38/2,20+5*(AE38/2-SUM($E38:H38))/I38,IF(SUM($E38:J38)>=AE38/2,25+5*(AE38/2-SUM($E38:I38))/J38,IF(SUM($E38:K38)>=AE38/2,30+5*(AE38/2-SUM($E38:J38))/K38,IF(SUM($E38:L38)>=AE38/2,35+5*(AE38/2-SUM($E38:K38))/L38,IF(SUM($E38:M38)>=AE38/2,40+5*(AE38/2-SUM($E38:L38))/M38,IF(SUM($E38:N38)>=AE38/2,45+5*(AE38/2-SUM($E38:M38))/N38,IF(SUM($E38:O38)>=AE38/2,50+5*(AE38/2-SUM($E38:N38))/O38,IF(SUM($E38:P38)>=AE38/2,55+5*(AE38/2-SUM($E38:O38))/P38,IF(SUM($E38:Q38)>=AE38/2,60+5*(AE38/2-SUM($E38:P38))/Q38,IF(SUM($E38:R38)>=AE38/2,65+5*(AE38/2-SUM($E38:Q38))/R38,IF(SUM($E38:S38)>=AE38/2,70+5*(AE38/2-SUM($E38:R38))/S38,IF(SUM($E38:T38)>=AE38/2,75+5*(AE38/2-SUM($E38:S38))/T38,"")))))))))))))))) | AL38: =SUM(H38:Q38) | AM38: 0.103 | AN38: 0.13 | AO38: =IF(AND(ISNUMBER(AN38),ISNUMBER(AM38)),(AN38-AM38)*100,"") | AP38: =IF(ISNUMBER(AN38),AN38*AL38,"") | AQ38: =IF(ISNUMBER(AN38),AL38,0) | BB38: =IF(BA38="Yes",AX38,0) | BC38: =IF(AND(BA38="Yes",ISNUMBER(AP38)),AP38,0) | BD38: =IF(BA38="Yes",AX38,IF(ISNUMBER(AP38),AP38,0))
A39: ARG | B39: Argentina | C39: Latin America & Caribbean | D39: Upper middle income | E39: 2533046 | F39: 3372359 | G39: 3730590 | H39: 3594313 | I39: 3461523 | J39: 3478725 | K39: 3497007 | L39: 3298922 | M39: 3173595 | N39: 3046954 | O39: 2613956 | P39: 2219413 | Q39: 2037917 | R39: 1795009 | S39: 1493914 | T39: 1134280 | U39: 1369860 | V39: 23088162 | W39: 22763221 | X39: =SUM(E39:G39) | Y39: =SUM(H39:I39) | Z39: =SUM(J39:K39) | AA39: =SUM(L39:M39) | AB39: =SUM(N39:O39) | AC39: =SUM(P39:Q39) | AD39: =SUM(R39:U39) | AE39: =SUM(X39:AD39) | AF39: =AE39/SUM($AE$5:$AE$222) | AG39: =RANK(AE39,$AE$5:$AE$222) | AH39: 45696159 | AI39: =IF(AH39>0,AE39/AH39-1,"") | AJ39: 14898 | AK39: =IF(SUM($E39:E39)>=AE39/2,0+5*(AE39/2-0)/E39,IF(SUM($E39:F39)>=AE39/2,5+5*(AE39/2-SUM($E39:E39))/F39,IF(SUM($E39:G39)>=AE39/2,10+5*(AE39/2-SUM($E39:F39))/G39,IF(SUM($E39:H39)>=AE39/2,15+5*(AE39/2-SUM($E39:G39))/H39,IF(SUM($E39:I39)>=AE39/2,20+5*(AE39/2-SUM($E39:H39))/I39,IF(SUM($E39:J39)>=AE39/2,25+5*(AE39/2-SUM($E39:I39))/J39,IF(SUM($E39:K39)>=AE39/2,30+5*(AE39/2-SUM($E39:J39))/K39,IF(SUM($E39:L39)>=AE39/2,35+5*(AE39/2-SUM($E39:K39))/L39,IF(SUM($E39:M39)>=AE39/2,40+5*(AE39/2-SUM($E39:L39))/M39,IF(SUM($E39:N39)>=AE39/2,45+5*(AE39/2-SUM($E39:M39))/N39,IF(SUM($E39:O39)>=AE39/2,50+5*(AE39/2-SUM($E39:N39))/O39,IF(SUM($E39:P39)>=AE39/2,55+5*(AE39/2-SUM($E39:O39))/P39,IF(SUM($E39:Q39)>=AE39/2,60+5*(AE39/2-SUM($E39:P39))/Q39,IF(SUM($E39:R39)>=AE39/2,65+5*(AE39/2-SUM($E39:Q39))/R39,IF(SUM($E39:S39)>=AE39/2,70+5*(AE39/2-SUM($E39:R39))/S39,IF(SUM($E39:T39)>=AE39/2,75+5*(AE39/2-SUM($E39:S39))/T39,"")))))))))))))))) | AL39: =SUM(H39:Q39) | AM39: 0.178 | AN39: 0.234 | AO39: =IF(AND(ISNUMBER(AN39),ISNUMBER(AM39)),(AN39-AM39)*100,"") | AP39: =IF(ISNUMBER(AN39),AN39*AL39,"") | AQ39: =IF(ISNUMBER(AN39),AL39,0) | AR39: 0.455 | AS39: population | AT39: 18+ | AU39: 1 | AV39: =H39*0.4+I39+J39+K39+L39+M39+N39+O39+P39+Q39+R39+S39+T39+U39 | AX39: =IF(ISNUMBER(AW39),AW39,AR39*AU39*AV39) | AY39: =AX39/AV39 | AZ39: C | BA39: No | BB39: =IF(BA39="Yes",AX39,0) | BC39: =IF(AND(BA39="Yes",ISNUMBER(AP39)),AP39,0) | BD39: =IF(BA39="Yes",AX39,IF(ISNUMBER(AP39),AP39,0)) | BE39: Use generative AI for personal purposes | BF39: August-September 2025 (online quota panel, n=1,589) | BG39: Universidad Torcuato Di Tella (CEPE) and Fundar: National survey on AI adoption in Argentina, individuals 2025 | BH39: https://repositorio.utdt.edu/bitstreams/f39a5ac4-7525-4f1c-9cb5-6808e6f5132f/download
A40: AFG | B40: Afghanistan | C40: Middle East, North Africa, Afghanistan & Pakistan | D40: Low income | E40: 6897832 | F40: 6208588 | G40: 5554037 | H40: 4871788 | I40: 4352667 | J40: 3722308 | K40: 2977387 | L40: 2271557 | M40: 1762725 | N40: 1457561 | O40: 1167534 | P40: 888607 | Q40: 648043 | R40: 458857 | S40: 301567 | T40: 183271 | U40: 119777 | V40: 21701531 | W40: 22142575 | X40: =SUM(E40:G40) | Y40: =SUM(H40:I40) | Z40: =SUM(J40:K40) | AA40: =SUM(L40:M40) | AB40: =SUM(N40:O40) | AC40: =SUM(P40:Q40) | AD40: =SUM(R40:U40) | AE40: =SUM(X40:AD40) | AF40: =AE40/SUM($AE$5:$AE$222) | AG40: =RANK(AE40,$AE$5:$AE$222) | AH40: 42647492 | AI40: =IF(AH40>0,AE40/AH40-1,"") | AJ40: 417 | AK40: =IF(SUM($E40:E40)>=AE40/2,0+5*(AE40/2-0)/E40,IF(SUM($E40:F40)>=AE40/2,5+5*(AE40/2-SUM($E40:E40))/F40,IF(SUM($E40:G40)>=AE40/2,10+5*(AE40/2-SUM($E40:F40))/G40,IF(SUM($E40:H40)>=AE40/2,15+5*(AE40/2-SUM($E40:G40))/H40,IF(SUM($E40:I40)>=AE40/2,20+5*(AE40/2-SUM($E40:H40))/I40,IF(SUM($E40:J40)>=AE40/2,25+5*(AE40/2-SUM($E40:I40))/J40,IF(SUM($E40:K40)>=AE40/2,30+5*(AE40/2-SUM($E40:J40))/K40,IF(SUM($E40:L40)>=AE40/2,35+5*(AE40/2-SUM($E40:K40))/L40,IF(SUM($E40:M40)>=AE40/2,40+5*(AE40/2-SUM($E40:L40))/M40,IF(SUM($E40:N40)>=AE40/2,45+5*(AE40/2-SUM($E40:M40))/N40,IF(SUM($E40:O40)>=AE40/2,50+5*(AE40/2-SUM($E40:N40))/O40,IF(SUM($E40:P40)>=AE40/2,55+5*(AE40/2-SUM($E40:O40))/P40,IF(SUM($E40:Q40)>=AE40/2,60+5*(AE40/2-SUM($E40:P40))/Q40,IF(SUM($E40:R40)>=AE40/2,65+5*(AE40/2-SUM($E40:Q40))/R40,IF(SUM($E40:S40)>=AE40/2,70+5*(AE40/2-SUM($E40:R40))/S40,IF(SUM($E40:T40)>=AE40/2,75+5*(AE40/2-SUM($E40:S40))/T40,"")))))))))))))))) | AL40: =SUM(H40:Q40) | AM40: 0.051 | AN40: 0.063 | AO40: =IF(AND(ISNUMBER(AN40),ISNUMBER(AM40)),(AN40-AM40)*100,"") | AP40: =IF(ISNUMBER(AN40),AN40*AL40,"") | AQ40: =IF(ISNUMBER(AN40),AL40,0) | BB40: =IF(BA40="Yes",AX40,0) | BC40: =IF(AND(BA40="Yes",ISNUMBER(AP40)),AP40,0) | BD40: =IF(BA40="Yes",AX40,IF(ISNUMBER(AP40),AP40,0))
A41: YEM | B41: Yemen, Rep. | C41: Middle East, North Africa, Afghanistan & Pakistan | D41: Low income | E41: 6564296 | F41: 5750081 | G41: 4821436 | H41: 4274298 | I41: 3744761 | J41: 3315074 | K41: 3116806 | L41: 2668648 | M41: 2127267 | N41: 1592904 | O41: 1193704 | P41: 898221 | Q41: 643093 | R41: 441729 | S41: 282722 | T41: 190740 | U41: 148100 | V41: 20608779 | W41: 21165101 | X41: =SUM(E41:G41) | Y41: =SUM(H41:I41) | Z41: =SUM(J41:K41) | AA41: =SUM(L41:M41) | AB41: =SUM(N41:O41) | AC41: =SUM(P41:Q41) | AD41: =SUM(R41:U41) | AE41: =SUM(X41:AD41) | AF41: =AE41/SUM($AE$5:$AE$222) | AG41: =RANK(AE41,$AE$5:$AE$222) | AH41: 40583164 | AI41: =IF(AH41>0,AE41/AH41-1,"") | AK41: =IF(SUM($E41:E41)>=AE41/2,0+5*(AE41/2-0)/E41,IF(SUM($E41:F41)>=AE41/2,5+5*(AE41/2-SUM($E41:E41))/F41,IF(SUM($E41:G41)>=AE41/2,10+5*(AE41/2-SUM($E41:F41))/G41,IF(SUM($E41:H41)>=AE41/2,15+5*(AE41/2-SUM($E41:G41))/H41,IF(SUM($E41:I41)>=AE41/2,20+5*(AE41/2-SUM($E41:H41))/I41,IF(SUM($E41:J41)>=AE41/2,25+5*(AE41/2-SUM($E41:I41))/J41,IF(SUM($E41:K41)>=AE41/2,30+5*(AE41/2-SUM($E41:J41))/K41,IF(SUM($E41:L41)>=AE41/2,35+5*(AE41/2-SUM($E41:K41))/L41,IF(SUM($E41:M41)>=AE41/2,40+5*(AE41/2-SUM($E41:L41))/M41,IF(SUM($E41:N41)>=AE41/2,45+5*(AE41/2-SUM($E41:M41))/N41,IF(SUM($E41:O41)>=AE41/2,50+5*(AE41/2-SUM($E41:N41))/O41,IF(SUM($E41:P41)>=AE41/2,55+5*(AE41/2-SUM($E41:O41))/P41,IF(SUM($E41:Q41)>=AE41/2,60+5*(AE41/2-SUM($E41:P41))/Q41,IF(SUM($E41:R41)>=AE41/2,65+5*(AE41/2-SUM($E41:Q41))/R41,IF(SUM($E41:S41)>=AE41/2,70+5*(AE41/2-SUM($E41:R41))/S41,IF(SUM($E41:T41)>=AE41/2,75+5*(AE41/2-SUM($E41:S41))/T41,"")))))))))))))))) | AL41: =SUM(H41:Q41) | AO41: =IF(AND(ISNUMBER(AN41),ISNUMBER(AM41)),(AN41-AM41)*100,"") | AP41: =IF(ISNUMBER(AN41),AN41*AL41,"") | AQ41: =IF(ISNUMBER(AN41),AL41,0) | BB41: =IF(BA41="Yes",AX41,0) | BC41: =IF(AND(BA41="Yes",ISNUMBER(AP41)),AP41,0) | BD41: =IF(BA41="Yes",AX41,IF(ISNUMBER(AP41),AP41,0))
A42: CAN | B42: Canada | C42: North America | D42: High income | E42: 1963749 | F42: 2086061 | G42: 2189735 | H42: 2287204 | I42: 2521453 | J42: 2900567 | K42: 2992574 | L42: 2934441 | M42: 2839309 | N42: 2626050 | O42: 2514433 | P42: 2558654 | Q42: 2798643 | R42: 2565504 | S42: 2125858 | T42: 1669597 | U42: 2077820 | V42: 20970240 | W42: 20681412 | X42: =SUM(E42:G42) | Y42: =SUM(H42:I42) | Z42: =SUM(J42:K42) | AA42: =SUM(L42:M42) | AB42: =SUM(N42:O42) | AC42: =SUM(P42:Q42) | AD42: =SUM(R42:U42) | AE42: =SUM(X42:AD42) | AF42: =AE42/SUM($AE$5:$AE$222) | AG42: =RANK(AE42,$AE$5:$AE$222) | AH42: 41262329 | AI42: =IF(AH42>0,AE42/AH42-1,"") | AJ42: 55698 | AK42: =IF(SUM($E42:E42)>=AE42/2,0+5*(AE42/2-0)/E42,IF(SUM($E42:F42)>=AE42/2,5+5*(AE42/2-SUM($E42:E42))/F42,IF(SUM($E42:G42)>=AE42/2,10+5*(AE42/2-SUM($E42:F42))/G42,IF(SUM($E42:H42)>=AE42/2,15+5*(AE42/2-SUM($E42:G42))/H42,IF(SUM($E42:I42)>=AE42/2,20+5*(AE42/2-SUM($E42:H42))/I42,IF(SUM($E42:J42)>=AE42/2,25+5*(AE42/2-SUM($E42:I42))/J42,IF(SUM($E42:K42)>=AE42/2,30+5*(AE42/2-SUM($E42:J42))/K42,IF(SUM($E42:L42)>=AE42/2,35+5*(AE42/2-SUM($E42:K42))/L42,IF(SUM($E42:M42)>=AE42/2,40+5*(AE42/2-SUM($E42:L42))/M42,IF(SUM($E42:N42)>=AE42/2,45+5*(AE42/2-SUM($E42:M42))/N42,IF(SUM($E42:O42)>=AE42/2,50+5*(AE42/2-SUM($E42:N42))/O42,IF(SUM($E42:P42)>=AE42/2,55+5*(AE42/2-SUM($E42:O42))/P42,IF(SUM($E42:Q42)>=AE42/2,60+5*(AE42/2-SUM($E42:P42))/Q42,IF(SUM($E42:R42)>=AE42/2,65+5*(AE42/2-SUM($E42:Q42))/R42,IF(SUM($E42:S42)>=AE42/2,70+5*(AE42/2-SUM($E42:R42))/S42,IF(SUM($E42:T42)>=AE42/2,75+5*(AE42/2-SUM($E42:S42))/T42,"")))))))))))))))) | AL42: =SUM(H42:Q42) | AM42: 0.335 | AN42: 0.385 | AO42: =IF(AND(ISNUMBER(AN42),ISNUMBER(AM42)),(AN42-AM42)*100,"") | AP42: =IF(ISNUMBER(AN42),AN42*AL42,"") | AQ42: =IF(ISNUMBER(AN42),AL42,0) | AR42: 0.66 | AS42: population | AT42: 18+ | AU42: 1 | AV42: =H42*0.4+I42+J42+K42+L42+M42+N42+O42+P42+Q42+R42+S42+T42+U42 | AX42: =IF(ISNUMBER(AW42),AW42,AR42*AU42*AV42) | AY42: =AX42/AV42 | AZ42: B | BA42: Yes | BB42: =IF(BA42="Yes",AX42,0) | BC42: =IF(AND(BA42="Yes",ISNUMBER(AP42)),AP42,0) | BD42: =IF(BA42="Yes",AX42,IF(ISNUMBER(AP42),AP42,0)) | BE42: Have tried a generative AI tool | BF42: 19 February - 1 March 2025 (census-balanced online survey, n=1,500) | BG42: Toronto Metropolitan University Social Media Lab: The State of Generative AI Use in Canada 2025 | BH42: https://socialmedialab.ca/2025/04/08/new-report-the-state-of-generative-ai-use-in-canada-2025-exploring-public-attitudes-and-adoption-trends/
A43: AGO | B43: Angola | C43: Sub-Saharan Africa | D43: Lower middle income | E43: 6476089 | F43: 5729329 | G43: 5010649 | H43: 4183623 | I43: 3368693 | J43: 2773412 | K43: 2426162 | L43: 2105575 | M43: 1733618 | N43: 1387117 | O43: 1108715 | P43: 902773 | Q43: 704109 | R43: 502935 | S43: 313682 | T43: 180681 | U43: 132882 | V43: 19717793 | W43: 19322251 | X43: =SUM(E43:G43) | Y43: =SUM(H43:I43) | Z43: =SUM(J43:K43) | AA43: =SUM(L43:M43) | AB43: =SUM(N43:O43) | AC43: =SUM(P43:Q43) | AD43: =SUM(R43:U43) | AE43: =SUM(X43:AD43) | AF43: =AE43/SUM($AE$5:$AE$222) | AG43: =RANK(AE43,$AE$5:$AE$222) | AH43: 37885849 | AI43: =IF(AH43>0,AE43/AH43-1,"") | AJ43: 3129 | AK43: =IF(SUM($E43:E43)>=AE43/2,0+5*(AE43/2-0)/E43,IF(SUM($E43:F43)>=AE43/2,5+5*(AE43/2-SUM($E43:E43))/F43,IF(SUM($E43:G43)>=AE43/2,10+5*(AE43/2-SUM($E43:F43))/G43,IF(SUM($E43:H43)>=AE43/2,15+5*(AE43/2-SUM($E43:G43))/H43,IF(SUM($E43:I43)>=AE43/2,20+5*(AE43/2-SUM($E43:H43))/I43,IF(SUM($E43:J43)>=AE43/2,25+5*(AE43/2-SUM($E43:I43))/J43,IF(SUM($E43:K43)>=AE43/2,30+5*(AE43/2-SUM($E43:J43))/K43,IF(SUM($E43:L43)>=AE43/2,35+5*(AE43/2-SUM($E43:K43))/L43,IF(SUM($E43:M43)>=AE43/2,40+5*(AE43/2-SUM($E43:L43))/M43,IF(SUM($E43:N43)>=AE43/2,45+5*(AE43/2-SUM($E43:M43))/N43,IF(SUM($E43:O43)>=AE43/2,50+5*(AE43/2-SUM($E43:N43))/O43,IF(SUM($E43:P43)>=AE43/2,55+5*(AE43/2-SUM($E43:O43))/P43,IF(SUM($E43:Q43)>=AE43/2,60+5*(AE43/2-SUM($E43:P43))/Q43,IF(SUM($E43:R43)>=AE43/2,65+5*(AE43/2-SUM($E43:Q43))/R43,IF(SUM($E43:S43)>=AE43/2,70+5*(AE43/2-SUM($E43:R43))/S43,IF(SUM($E43:T43)>=AE43/2,75+5*(AE43/2-SUM($E43:S43))/T43,"")))))))))))))))) | AL43: =SUM(H43:Q43) | AM43: 0.089 | AN43: 0.114 | AO43: =IF(AND(ISNUMBER(AN43),ISNUMBER(AM43)),(AN43-AM43)*100,"") | AP43: =IF(ISNUMBER(AN43),AN43*AL43,"") | AQ43: =IF(ISNUMBER(AN43),AL43,0) | BB43: =IF(BA43="Yes",AX43,0) | BC43: =IF(AND(BA43="Yes",ISNUMBER(AP43)),AP43,0) | BD43: =IF(BA43="Yes",AX43,IF(ISNUMBER(AP43),AP43,0))
A44: UKR | B44: Ukraine | C44: Europe & Central Asia | D44: Upper middle income | E44: 1317340 | F44: 1787047 | G44: 2233736 | H44: 2203974 | I44: 1977443 | J44: 2147793 | K44: 2648294 | L44: 3332328 | M44: 3218442 | N44: 2827803 | O44: 2540040 | P44: 2595849 | Q44: 2755030 | R44: 2497546 | S44: 1929597 | T44: 1251788 | U44: 1716323 | V44: 20842860 | W44: 18137513 | X44: =SUM(E44:G44) | Y44: =SUM(H44:I44) | Z44: =SUM(J44:K44) | AA44: =SUM(L44:M44) | AB44: =SUM(N44:O44) | AC44: =SUM(P44:Q44) | AD44: =SUM(R44:U44) | AE44: =SUM(X44:AD44) | AF44: =AE44/SUM($AE$5:$AE$222) | AG44: =RANK(AE44,$AE$5:$AE$222) | AH44: 37860221 | AI44: =IF(AH44>0,AE44/AH44-1,"") | AJ44: 5866 | AK44: =IF(SUM($E44:E44)>=AE44/2,0+5*(AE44/2-0)/E44,IF(SUM($E44:F44)>=AE44/2,5+5*(AE44/2-SUM($E44:E44))/F44,IF(SUM($E44:G44)>=AE44/2,10+5*(AE44/2-SUM($E44:F44))/G44,IF(SUM($E44:H44)>=AE44/2,15+5*(AE44/2-SUM($E44:G44))/H44,IF(SUM($E44:I44)>=AE44/2,20+5*(AE44/2-SUM($E44:H44))/I44,IF(SUM($E44:J44)>=AE44/2,25+5*(AE44/2-SUM($E44:I44))/J44,IF(SUM($E44:K44)>=AE44/2,30+5*(AE44/2-SUM($E44:J44))/K44,IF(SUM($E44:L44)>=AE44/2,35+5*(AE44/2-SUM($E44:K44))/L44,IF(SUM($E44:M44)>=AE44/2,40+5*(AE44/2-SUM($E44:L44))/M44,IF(SUM($E44:N44)>=AE44/2,45+5*(AE44/2-SUM($E44:M44))/N44,IF(SUM($E44:O44)>=AE44/2,50+5*(AE44/2-SUM($E44:N44))/O44,IF(SUM($E44:P44)>=AE44/2,55+5*(AE44/2-SUM($E44:O44))/P44,IF(SUM($E44:Q44)>=AE44/2,60+5*(AE44/2-SUM($E44:P44))/Q44,IF(SUM($E44:R44)>=AE44/2,65+5*(AE44/2-SUM($E44:Q44))/R44,IF(SUM($E44:S44)>=AE44/2,70+5*(AE44/2-SUM($E44:R44))/S44,IF(SUM($E44:T44)>=AE44/2,75+5*(AE44/2-SUM($E44:S44))/T44,"")))))))))))))))) | AL44: =SUM(H44:Q44) | AM44: 0.091 | AN44: 0.095 | AO44: =IF(AND(ISNUMBER(AN44),ISNUMBER(AM44)),(AN44-AM44)*100,"") | AP44: =IF(ISNUMBER(AN44),AN44*AL44,"") | AQ44: =IF(ISNUMBER(AN44),AL44,0) | AR44: 0.42 | AS44: population | AT44: 18-70 | AU44: 1 | AV44: =H44*0.4+I44+J44+K44+L44+M44+N44+O44+P44+Q44+R44+S44*0.2 | AX44: =IF(ISNUMBER(AW44),AW44,AR44*AU44*AV44) | AY44: =AX44/AV44 | AZ44: A | BA44: Yes | BB44: =IF(BA44="Yes",AX44,0) | BC44: =IF(AND(BA44="Yes",ISNUMBER(AP44)),AP44,0) | BD44: =IF(BA44="Yes",AX44,IF(ISNUMBER(AP44),AP44,0)) | BE44: Adults who use AI tools (to create texts, search for information, learn or work) | BF44: 2025 (Digital Skills study, 4th wave) | BG44: Ministry of Digital Transformation of Ukraine (Diia.Osvita): Digital skills of Ukrainians 2025 | BH44: https://thedigital.gov.ua/news/education/42-doroslykh-i-70-pidlitkiv-korystuiutsia-shi-v-ukrayini-rezultaty-doslidzennia-diiaosvita
A45: MAR | B45: Morocco | C45: Middle East, North Africa, Afghanistan & Pakistan | D45: Lower middle income | E45: 3110561 | F45: 3238714 | G45: 3335077 | H45: 3249629 | I45: 2949510 | J45: 2859672 | K45: 2898126 | L45: 2863448 | M45: 2691686 | N45: 2405352 | O45: 2112596 | P45: 1838814 | Q45: 1630072 | R45: 1337508 | S45: 937134 | T45: 542169 | U45: 430706 | V45: 19058693 | W45: 19372081 | X45: =SUM(E45:G45) | Y45: =SUM(H45:I45) | Z45: =SUM(J45:K45) | AA45: =SUM(L45:M45) | AB45: =SUM(N45:O45) | AC45: =SUM(P45:Q45) | AD45: =SUM(R45:U45) | AE45: =SUM(X45:AD45) | AF45: =AE45/SUM($AE$5:$AE$222) | AG45: =RANK(AE45,$AE$5:$AE$222) | AH45: 38081173 | AI45: =IF(AH45>0,AE45/AH45-1,"") | AJ45: 4672 | AK45: =IF(SUM($E45:E45)>=AE45/2,0+5*(AE45/2-0)/E45,IF(SUM($E45:F45)>=AE45/2,5+5*(AE45/2-SUM($E45:E45))/F45,IF(SUM($E45:G45)>=AE45/2,10+5*(AE45/2-SUM($E45:F45))/G45,IF(SUM($E45:H45)>=AE45/2,15+5*(AE45/2-SUM($E45:G45))/H45,IF(SUM($E45:I45)>=AE45/2,20+5*(AE45/2-SUM($E45:H45))/I45,IF(SUM($E45:J45)>=AE45/2,25+5*(AE45/2-SUM($E45:I45))/J45,IF(SUM($E45:K45)>=AE45/2,30+5*(AE45/2-SUM($E45:J45))/K45,IF(SUM($E45:L45)>=AE45/2,35+5*(AE45/2-SUM($E45:K45))/L45,IF(SUM($E45:M45)>=AE45/2,40+5*(AE45/2-SUM($E45:L45))/M45,IF(SUM($E45:N45)>=AE45/2,45+5*(AE45/2-SUM($E45:M45))/N45,IF(SUM($E45:O45)>=AE45/2,50+5*(AE45/2-SUM($E45:N45))/O45,IF(SUM($E45:P45)>=AE45/2,55+5*(AE45/2-SUM($E45:O45))/P45,IF(SUM($E45:Q45)>=AE45/2,60+5*(AE45/2-SUM($E45:P45))/Q45,IF(SUM($E45:R45)>=AE45/2,65+5*(AE45/2-SUM($E45:Q45))/R45,IF(SUM($E45:S45)>=AE45/2,70+5*(AE45/2-SUM($E45:R45))/S45,IF(SUM($E45:T45)>=AE45/2,75+5*(AE45/2-SUM($E45:S45))/T45,"")))))))))))))))) | AL45: =SUM(H45:Q45) | AM45: 0.105 | AN45: 0.12 | AO45: =IF(AND(ISNUMBER(AN45),ISNUMBER(AM45)),(AN45-AM45)*100,"") | AP45: =IF(ISNUMBER(AN45),AN45*AL45,"") | AQ45: =IF(ISNUMBER(AN45),AL45,0) | AR45: 0.275 | AS45: population | AT45: 5+ | AU45: 1 | AV45: =F45+G45+H45+I45+J45+K45+L45+M45+N45+O45+P45+Q45+R45+S45+T45+U45 | AX45: =IF(ISNUMBER(AW45),AW45,AR45*AU45*AV45) | AY45: =AX45/AV45 | AZ45: A | BA45: Yes | BB45: =IF(BA45="Yes",AX45,0) | BC45: =IF(AND(BA45="Yes",ISNUMBER(AP45)),AP45,0) | BD45: =IF(BA45="Yes",AX45,IF(ISNUMBER(AP45),AP45,0)) | BE45: Used an artificial-intelligence application (last 3 months of 2024) | BF45: Fieldwork 14 Jan - 14 Feb 2025 (probability sample, 5,760 individuals) | BG45: ANRT (National Telecommunications Regulatory Agency): ICT indicators survey of households and individuals 2024-2025, p. 46 | BH45: https://www.anrt.ma/sites/default/files/2025-10/Enqu%C3%AAte%20TIC%202024-2025.pdf
A46: UZB | B46: Uzbekistan | C46: Europe & Central Asia | D46: Lower middle income | E46: 4532515 | F46: 3792270 | G46: 3269407 | H46: 2891857 | I46: 2467434 | J46: 2719859 | K46: 3091130 | L46: 2938198 | M46: 2466656 | N46: 2017754 | O46: 1749700 | P46: 1511133 | Q46: 1356626 | R46: 978701 | S46: 642230 | T46: 322690 | U46: 305268 | V46: 18359302 | W46: 18694126 | X46: =SUM(E46:G46) | Y46: =SUM(H46:I46) | Z46: =SUM(J46:K46) | AA46: =SUM(L46:M46) | AB46: =SUM(N46:O46) | AC46: =SUM(P46:Q46) | AD46: =SUM(R46:U46) | AE46: =SUM(X46:AD46) | AF46: =AE46/SUM($AE$5:$AE$222) | AG46: =RANK(AE46,$AE$5:$AE$222) | AH46: 36361859 | AI46: =IF(AH46>0,AE46/AH46-1,"") | AJ46: 3968 | AK46: =IF(SUM($E46:E46)>=AE46/2,0+5*(AE46/2-0)/E46,IF(SUM($E46:F46)>=AE46/2,5+5*(AE46/2-SUM($E46:E46))/F46,IF(SUM($E46:G46)>=AE46/2,10+5*(AE46/2-SUM($E46:F46))/G46,IF(SUM($E46:H46)>=AE46/2,15+5*(AE46/2-SUM($E46:G46))/H46,IF(SUM($E46:I46)>=AE46/2,20+5*(AE46/2-SUM($E46:H46))/I46,IF(SUM($E46:J46)>=AE46/2,25+5*(AE46/2-SUM($E46:I46))/J46,IF(SUM($E46:K46)>=AE46/2,30+5*(AE46/2-SUM($E46:J46))/K46,IF(SUM($E46:L46)>=AE46/2,35+5*(AE46/2-SUM($E46:K46))/L46,IF(SUM($E46:M46)>=AE46/2,40+5*(AE46/2-SUM($E46:L46))/M46,IF(SUM($E46:N46)>=AE46/2,45+5*(AE46/2-SUM($E46:M46))/N46,IF(SUM($E46:O46)>=AE46/2,50+5*(AE46/2-SUM($E46:N46))/O46,IF(SUM($E46:P46)>=AE46/2,55+5*(AE46/2-SUM($E46:O46))/P46,IF(SUM($E46:Q46)>=AE46/2,60+5*(AE46/2-SUM($E46:P46))/Q46,IF(SUM($E46:R46)>=AE46/2,65+5*(AE46/2-SUM($E46:Q46))/R46,IF(SUM($E46:S46)>=AE46/2,70+5*(AE46/2-SUM($E46:R46))/S46,IF(SUM($E46:T46)>=AE46/2,75+5*(AE46/2-SUM($E46:S46))/T46,"")))))))))))))))) | AL46: =SUM(H46:Q46) | AM46: 0.057 | AN46: 0.076 | AO46: =IF(AND(ISNUMBER(AN46),ISNUMBER(AM46)),(AN46-AM46)*100,"") | AP46: =IF(ISNUMBER(AN46),AN46*AL46,"") | AQ46: =IF(ISNUMBER(AN46),AL46,0) | BB46: =IF(BA46="Yes",AX46,0) | BC46: =IF(AND(BA46="Yes",ISNUMBER(AP46)),AP46,0) | BD46: =IF(BA46="Yes",AX46,IF(ISNUMBER(AP46),AP46,0))
A47: SAU | B47: Saudi Arabia | C47: Middle East, North Africa, Afghanistan & Pakistan | D47: High income | E47: 2899660 | F47: 2948636 | G47: 2885258 | H47: 2658278 | I47: 2884546 | J47: 3692033 | K47: 4281788 | L47: 4088779 | M47: 3325266 | N47: 2384492 | O47: 1700276 | P47: 1246043 | Q47: 848300 | R47: 504567 | S47: 273706 | T47: 186403 | U47: 165524 | V47: 14632159 | W47: 22341396 | X47: =SUM(E47:G47) | Y47: =SUM(H47:I47) | Z47: =SUM(J47:K47) | AA47: =SUM(L47:M47) | AB47: =SUM(N47:O47) | AC47: =SUM(P47:Q47) | AD47: =SUM(R47:U47) | AE47: =SUM(X47:AD47) | AF47: =AE47/SUM($AE$5:$AE$222) | AG47: =RANK(AE47,$AE$5:$AE$222) | AH47: 35300280 | AI47: =IF(AH47>0,AE47/AH47-1,"") | AJ47: 34537 | AK47: =IF(SUM($E47:E47)>=AE47/2,0+5*(AE47/2-0)/E47,IF(SUM($E47:F47)>=AE47/2,5+5*(AE47/2-SUM($E47:E47))/F47,IF(SUM($E47:G47)>=AE47/2,10+5*(AE47/2-SUM($E47:F47))/G47,IF(SUM($E47:H47)>=AE47/2,15+5*(AE47/2-SUM($E47:G47))/H47,IF(SUM($E47:I47)>=AE47/2,20+5*(AE47/2-SUM($E47:H47))/I47,IF(SUM($E47:J47)>=AE47/2,25+5*(AE47/2-SUM($E47:I47))/J47,IF(SUM($E47:K47)>=AE47/2,30+5*(AE47/2-SUM($E47:J47))/K47,IF(SUM($E47:L47)>=AE47/2,35+5*(AE47/2-SUM($E47:K47))/L47,IF(SUM($E47:M47)>=AE47/2,40+5*(AE47/2-SUM($E47:L47))/M47,IF(SUM($E47:N47)>=AE47/2,45+5*(AE47/2-SUM($E47:M47))/N47,IF(SUM($E47:O47)>=AE47/2,50+5*(AE47/2-SUM($E47:N47))/O47,IF(SUM($E47:P47)>=AE47/2,55+5*(AE47/2-SUM($E47:O47))/P47,IF(SUM($E47:Q47)>=AE47/2,60+5*(AE47/2-SUM($E47:P47))/Q47,IF(SUM($E47:R47)>=AE47/2,65+5*(AE47/2-SUM($E47:Q47))/R47,IF(SUM($E47:S47)>=AE47/2,70+5*(AE47/2-SUM($E47:R47))/S47,IF(SUM($E47:T47)>=AE47/2,75+5*(AE47/2-SUM($E47:S47))/T47,"")))))))))))))))) | AL47: =SUM(H47:Q47) | AM47: 0.237 | AN47: 0.314 | AO47: =IF(AND(ISNUMBER(AN47),ISNUMBER(AM47)),(AN47-AM47)*100,"") | AP47: =IF(ISNUMBER(AN47),AN47*AL47,"") | AQ47: =IF(ISNUMBER(AN47),AL47,0) | AR47: 0.452 | AS47: internet users | AT47: 10-74 | AU47: 0.996 | AV47: =G47+H47+I47+J47+K47+L47+M47+N47+O47+P47+Q47+R47+S47 | AX47: =IF(ISNUMBER(AW47),AW47,AR47*AU47*AV47) | AY47: =AX47/AV47 | AZ47: A | BA47: Yes | BB47: =IF(BA47="Yes",AX47,0) | BC47: =IF(AND(BA47="Yes",ISNUMBER(AP47)),AP47,0) | BD47: =IF(BA47="Yes",AX47,IF(ISNUMBER(AP47),AP47,0)) | BE47: Adoption rate of AI tools among internet users | BF47: 2025 | BG47: Communications, Space and Technology Commission (CST): Saudi Internet Report 2025 | BH47: https://www.cst.gov.sa/en/media-center/news/N2026071901
A48: POL | B48: Poland | C48: Europe & Central Asia | D48: High income | E48: 1507251 | F48: 1828568 | G48: 1932946 | H48: 1955698 | I48: 1676536 | J48: 1938746 | K48: 2385472 | L48: 2818983 | M48: 3127115 | N48: 2918020 | O48: 2508850 | P48: 2109919 | Q48: 2165920 | R48: 2374629 | S48: 2129933 | T48: 1473570 | U48: 1583702 | V48: 18790637 | W48: 17645221 | X48: =SUM(E48:G48) | Y48: =SUM(H48:I48) | Z48: =SUM(J48:K48) | AA48: =SUM(L48:M48) | AB48: =SUM(N48:O48) | AC48: =SUM(P48:Q48) | AD48: =SUM(R48:U48) | AE48: =SUM(X48:AD48) | AF48: =AE48/SUM($AE$5:$AE$222) | AG48: =RANK(AE48,$AE$5:$AE$222) | AH48: 36559233 | AI48: =IF(AH48>0,AE48/AH48-1,"") | AJ48: 28420 | AK48: =IF(SUM($E48:E48)>=AE48/2,0+5*(AE48/2-0)/E48,IF(SUM($E48:F48)>=AE48/2,5+5*(AE48/2-SUM($E48:E48))/F48,IF(SUM($E48:G48)>=AE48/2,10+5*(AE48/2-SUM($E48:F48))/G48,IF(SUM($E48:H48)>=AE48/2,15+5*(AE48/2-SUM($E48:G48))/H48,IF(SUM($E48:I48)>=AE48/2,20+5*(AE48/2-SUM($E48:H48))/I48,IF(SUM($E48:J48)>=AE48/2,25+5*(AE48/2-SUM($E48:I48))/J48,IF(SUM($E48:K48)>=AE48/2,30+5*(AE48/2-SUM($E48:J48))/K48,IF(SUM($E48:L48)>=AE48/2,35+5*(AE48/2-SUM($E48:K48))/L48,IF(SUM($E48:M48)>=AE48/2,40+5*(AE48/2-SUM($E48:L48))/M48,IF(SUM($E48:N48)>=AE48/2,45+5*(AE48/2-SUM($E48:M48))/N48,IF(SUM($E48:O48)>=AE48/2,50+5*(AE48/2-SUM($E48:N48))/O48,IF(SUM($E48:P48)>=AE48/2,55+5*(AE48/2-SUM($E48:O48))/P48,IF(SUM($E48:Q48)>=AE48/2,60+5*(AE48/2-SUM($E48:P48))/Q48,IF(SUM($E48:R48)>=AE48/2,65+5*(AE48/2-SUM($E48:Q48))/R48,IF(SUM($E48:S48)>=AE48/2,70+5*(AE48/2-SUM($E48:R48))/S48,IF(SUM($E48:T48)>=AE48/2,75+5*(AE48/2-SUM($E48:S48))/T48,"")))))))))))))))) | AL48: =SUM(H48:Q48) | AM48: 0.264 | AN48: 0.323 | AO48: =IF(AND(ISNUMBER(AN48),ISNUMBER(AM48)),(AN48-AM48)*100,"") | AP48: =IF(ISNUMBER(AN48),AN48*AL48,"") | AQ48: =IF(ISNUMBER(AN48),AL48,0) | AR48: 0.2268 | AS48: population | AT48: 16-74 | AU48: 1 | AV48: =H48*0.8+I48+J48+K48+L48+M48+N48+O48+P48+Q48+R48+S48 | AX48: =IF(ISNUMBER(AW48),AW48,AR48*AU48*AV48) | AY48: =AX48/AV48 | AZ48: A | BA48: Yes | BB48: =IF(BA48="Yes",AX48,0) | BC48: =IF(AND(BA48="Yes",ISNUMBER(AP48)),AP48,0) | BD48: =IF(BA48="Yes",AX48,IF(ISNUMBER(AP48),AP48,0)) | BE48: Used generative AI tools in the last 3 months | BF48: 2025 survey (Q2, most countries) | BG48: Eurostat: ICT usage in households and by individuals 2025, dataset isoc_ai_iaiu | BH48: https://ec.europa.eu/eurostat/databrowser/view/isoc_ai_iaiu/default/table
A49: MYS | B49: Malaysia | C49: East Asia & Pacific | D49: Upper middle income | E49: 2208542 | F49: 2636772 | G49: 2821263 | H49: 2786271 | I49: 3134488 | J49: 3167066 | K49: 3172849 | L49: 3113633 | M49: 2848391 | N49: 2299878 | O49: 1890364 | P49: 1603407 | Q49: 1404750 | R49: 1113918 | S49: 823460 | T49: 504337 | U49: 448450 | V49: 17156766 | W49: 18821073 | X49: =SUM(E49:G49) | Y49: =SUM(H49:I49) | Z49: =SUM(J49:K49) | AA49: =SUM(L49:M49) | AB49: =SUM(N49:O49) | AC49: =SUM(P49:Q49) | AD49: =SUM(R49:U49) | AE49: =SUM(X49:AD49) | AF49: =AE49/SUM($AE$5:$AE$222) | AG49: =RANK(AE49,$AE$5:$AE$222) | AH49: 35557673 | AI49: =IF(AH49>0,AE49/AH49-1,"") | AJ49: 13125 | AK49: =IF(SUM($E49:E49)>=AE49/2,0+5*(AE49/2-0)/E49,IF(SUM($E49:F49)>=AE49/2,5+5*(AE49/2-SUM($E49:E49))/F49,IF(SUM($E49:G49)>=AE49/2,10+5*(AE49/2-SUM($E49:F49))/G49,IF(SUM($E49:H49)>=AE49/2,15+5*(AE49/2-SUM($E49:G49))/H49,IF(SUM($E49:I49)>=AE49/2,20+5*(AE49/2-SUM($E49:H49))/I49,IF(SUM($E49:J49)>=AE49/2,25+5*(AE49/2-SUM($E49:I49))/J49,IF(SUM($E49:K49)>=AE49/2,30+5*(AE49/2-SUM($E49:J49))/K49,IF(SUM($E49:L49)>=AE49/2,35+5*(AE49/2-SUM($E49:K49))/L49,IF(SUM($E49:M49)>=AE49/2,40+5*(AE49/2-SUM($E49:L49))/M49,IF(SUM($E49:N49)>=AE49/2,45+5*(AE49/2-SUM($E49:M49))/N49,IF(SUM($E49:O49)>=AE49/2,50+5*(AE49/2-SUM($E49:N49))/O49,IF(SUM($E49:P49)>=AE49/2,55+5*(AE49/2-SUM($E49:O49))/P49,IF(SUM($E49:Q49)>=AE49/2,60+5*(AE49/2-SUM($E49:P49))/Q49,IF(SUM($E49:R49)>=AE49/2,65+5*(AE49/2-SUM($E49:Q49))/R49,IF(SUM($E49:S49)>=AE49/2,70+5*(AE49/2-SUM($E49:R49))/S49,IF(SUM($E49:T49)>=AE49/2,75+5*(AE49/2-SUM($E49:S49))/T49,"")))))))))))))))) | AL49: =SUM(H49:Q49) | AM49: 0.183 | AN49: 0.226 | AO49: =IF(AND(ISNUMBER(AN49),ISNUMBER(AM49)),(AN49-AM49)*100,"") | AP49: =IF(ISNUMBER(AN49),AN49*AL49,"") | AQ49: =IF(ISNUMBER(AN49),AL49,0) | BB49: =IF(BA49="Yes",AX49,0) | BC49: =IF(AND(BA49="Yes",ISNUMBER(AP49)),AP49,0) | BD49: =IF(BA49="Yes",AX49,IF(ISNUMBER(AP49),AP49,0))
A50: MOZ | B50: Mozambique | C50: Sub-Saharan Africa | D50: Low income | E50: 5895851 | F50: 5213206 | G50: 4628919 | H50: 3916296 | I50: 3291032 | J50: 2810167 | K50: 2301883 | L50: 1873778 | M50: 1480813 | N50: 1152307 | O50: 925113 | P50: 683346 | Q50: 484816 | R50: 405267 | S50: 303968 | T50: 167396 | U50: 97497 | V50: 18330891 | W50: 17300764 | X50: =SUM(E50:G50) | Y50: =SUM(H50:I50) | Z50: =SUM(J50:K50) | AA50: =SUM(L50:M50) | AB50: =SUM(N50:O50) | AC50: =SUM(P50:Q50) | AD50: =SUM(R50:U50) | AE50: =SUM(X50:AD50) | AF50: =AE50/SUM($AE$5:$AE$222) | AG50: =RANK(AE50,$AE$5:$AE$222) | AH50: 34631766 | AI50: =IF(AH50>0,AE50/AH50-1,"") | AJ50: 627 | AK50: =IF(SUM($E50:E50)>=AE50/2,0+5*(AE50/2-0)/E50,IF(SUM($E50:F50)>=AE50/2,5+5*(AE50/2-SUM($E50:E50))/F50,IF(SUM($E50:G50)>=AE50/2,10+5*(AE50/2-SUM($E50:F50))/G50,IF(SUM($E50:H50)>=AE50/2,15+5*(AE50/2-SUM($E50:G50))/H50,IF(SUM($E50:I50)>=AE50/2,20+5*(AE50/2-SUM($E50:H50))/I50,IF(SUM($E50:J50)>=AE50/2,25+5*(AE50/2-SUM($E50:I50))/J50,IF(SUM($E50:K50)>=AE50/2,30+5*(AE50/2-SUM($E50:J50))/K50,IF(SUM($E50:L50)>=AE50/2,35+5*(AE50/2-SUM($E50:K50))/L50,IF(SUM($E50:M50)>=AE50/2,40+5*(AE50/2-SUM($E50:L50))/M50,IF(SUM($E50:N50)>=AE50/2,45+5*(AE50/2-SUM($E50:M50))/N50,IF(SUM($E50:O50)>=AE50/2,50+5*(AE50/2-SUM($E50:N50))/O50,IF(SUM($E50:P50)>=AE50/2,55+5*(AE50/2-SUM($E50:O50))/P50,IF(SUM($E50:Q50)>=AE50/2,60+5*(AE50/2-SUM($E50:P50))/Q50,IF(SUM($E50:R50)>=AE50/2,65+5*(AE50/2-SUM($E50:Q50))/R50,IF(SUM($E50:S50)>=AE50/2,70+5*(AE50/2-SUM($E50:R50))/S50,IF(SUM($E50:T50)>=AE50/2,75+5*(AE50/2-SUM($E50:S50))/T50,"")))))))))))))))) | AL50: =SUM(H50:Q50) | AM50: 0.089 | AN50: 0.114 | AO50: =IF(AND(ISNUMBER(AN50),ISNUMBER(AM50)),(AN50-AM50)*100,"") | AP50: =IF(ISNUMBER(AN50),AN50*AL50,"") | AQ50: =IF(ISNUMBER(AN50),AL50,0) | BB50: =IF(BA50="Yes",AX50,0) | BC50: =IF(AND(BA50="Yes",ISNUMBER(AP50)),AP50,0) | BD50: =IF(BA50="Yes",AX50,IF(ISNUMBER(AP50),AP50,0))
A51: GHA | B51: Ghana | C51: Sub-Saharan Africa | D51: Lower middle income | E51: 4273808 | F51: 4134341 | G51: 4015010 | H51: 3568158 | I51: 3184896 | J51: 2742668 | K51: 2522562 | L51: 2304729 | M51: 2012249 | N51: 1682557 | O51: 1332983 | P51: 1099583 | Q51: 862597 | R51: 562352 | S51: 363769 | T51: 220384 | U51: 181622 | V51: 17554889 | W51: 17509379 | X51: =SUM(E51:G51) | Y51: =SUM(H51:I51) | Z51: =SUM(J51:K51) | AA51: =SUM(L51:M51) | AB51: =SUM(N51:O51) | AC51: =SUM(P51:Q51) | AD51: =SUM(R51:U51) | AE51: =SUM(X51:AD51) | AF51: =AE51/SUM($AE$5:$AE$222) | AG51: =RANK(AE51,$AE$5:$AE$222) | AH51: 34427414 | AI51: =IF(AH51>0,AE51/AH51-1,"") | AJ51: 3257 | AK51: =IF(SUM($E51:E51)>=AE51/2,0+5*(AE51/2-0)/E51,IF(SUM($E51:F51)>=AE51/2,5+5*(AE51/2-SUM($E51:E51))/F51,IF(SUM($E51:G51)>=AE51/2,10+5*(AE51/2-SUM($E51:F51))/G51,IF(SUM($E51:H51)>=AE51/2,15+5*(AE51/2-SUM($E51:G51))/H51,IF(SUM($E51:I51)>=AE51/2,20+5*(AE51/2-SUM($E51:H51))/I51,IF(SUM($E51:J51)>=AE51/2,25+5*(AE51/2-SUM($E51:I51))/J51,IF(SUM($E51:K51)>=AE51/2,30+5*(AE51/2-SUM($E51:J51))/K51,IF(SUM($E51:L51)>=AE51/2,35+5*(AE51/2-SUM($E51:K51))/L51,IF(SUM($E51:M51)>=AE51/2,40+5*(AE51/2-SUM($E51:L51))/M51,IF(SUM($E51:N51)>=AE51/2,45+5*(AE51/2-SUM($E51:M51))/N51,IF(SUM($E51:O51)>=AE51/2,50+5*(AE51/2-SUM($E51:N51))/O51,IF(SUM($E51:P51)>=AE51/2,55+5*(AE51/2-SUM($E51:O51))/P51,IF(SUM($E51:Q51)>=AE51/2,60+5*(AE51/2-SUM($E51:P51))/Q51,IF(SUM($E51:R51)>=AE51/2,65+5*(AE51/2-SUM($E51:Q51))/R51,IF(SUM($E51:S51)>=AE51/2,70+5*(AE51/2-SUM($E51:R51))/S51,IF(SUM($E51:T51)>=AE51/2,75+5*(AE51/2-SUM($E51:S51))/T51,"")))))))))))))))) | AL51: =SUM(H51:Q51) | AM51: 0.087 | AN51: 0.104 | AO51: =IF(AND(ISNUMBER(AN51),ISNUMBER(AM51)),(AN51-AM51)*100,"") | AP51: =IF(ISNUMBER(AN51),AN51*AL51,"") | AQ51: =IF(ISNUMBER(AN51),AL51,0) | AR51: 0.259 | AS51: population | AT51: 15+ | AU51: 1 | AV51: =H51+I51+J51+K51+L51+M51+N51+O51+P51+Q51+R51+S51+T51+U51 | AX51: =IF(ISNUMBER(AW51),AW51,AR51*AU51*AV51) | AY51: =AX51/AV51 | AZ51: C | BA51: No | BB51: =IF(BA51="Yes",AX51,0) | BC51: =IF(AND(BA51="Yes",ISNUMBER(AP51)),AP51,0) | BD51: =IF(BA51="Yes",AX51,IF(ISNUMBER(AP51),AP51,0)) | BE51: Have ever used AI (daily, weekly or monthly or less) | BF51: April-July 2026 (Gallup World Poll, probability sample ~1,000) | BG51: Gallup (World Poll; research run with Microsoft): AI Optimism Globally Widespread Despite Uneven Use | BH51: https://news.gallup.com/poll/714593/optimism-globally-widespread-despite-uneven.aspx
A52: PER | B52: Peru | C52: Latin America & Caribbean | D52: Upper middle income | E52: 2677059 | F52: 2703558 | G52: 2784341 | H52: 2887423 | I52: 2811516 | J52: 2770084 | K52: 2747299 | L52: 2618686 | M52: 2348477 | N52: 2115821 | O52: 1908680 | P52: 1606481 | Q52: 1324019 | R52: 1081705 | S52: 851706 | T52: 613861 | U52: 725951 | V52: 17383433 | W52: 17193234 | X52: =SUM(E52:G52) | Y52: =SUM(H52:I52) | Z52: =SUM(J52:K52) | AA52: =SUM(L52:M52) | AB52: =SUM(N52:O52) | AC52: =SUM(P52:Q52) | AD52: =SUM(R52:U52) | AE52: =SUM(X52:AD52) | AF52: =AE52/SUM($AE$5:$AE$222) | AG52: =RANK(AE52,$AE$5:$AE$222) | AH52: 34217848 | AI52: =IF(AH52>0,AE52/AH52-1,"") | AJ52: 9684 | AK52: =IF(SUM($E52:E52)>=AE52/2,0+5*(AE52/2-0)/E52,IF(SUM($E52:F52)>=AE52/2,5+5*(AE52/2-SUM($E52:E52))/F52,IF(SUM($E52:G52)>=AE52/2,10+5*(AE52/2-SUM($E52:F52))/G52,IF(SUM($E52:H52)>=AE52/2,15+5*(AE52/2-SUM($E52:G52))/H52,IF(SUM($E52:I52)>=AE52/2,20+5*(AE52/2-SUM($E52:H52))/I52,IF(SUM($E52:J52)>=AE52/2,25+5*(AE52/2-SUM($E52:I52))/J52,IF(SUM($E52:K52)>=AE52/2,30+5*(AE52/2-SUM($E52:J52))/K52,IF(SUM($E52:L52)>=AE52/2,35+5*(AE52/2-SUM($E52:K52))/L52,IF(SUM($E52:M52)>=AE52/2,40+5*(AE52/2-SUM($E52:L52))/M52,IF(SUM($E52:N52)>=AE52/2,45+5*(AE52/2-SUM($E52:M52))/N52,IF(SUM($E52:O52)>=AE52/2,50+5*(AE52/2-SUM($E52:N52))/O52,IF(SUM($E52:P52)>=AE52/2,55+5*(AE52/2-SUM($E52:O52))/P52,IF(SUM($E52:Q52)>=AE52/2,60+5*(AE52/2-SUM($E52:P52))/Q52,IF(SUM($E52:R52)>=AE52/2,65+5*(AE52/2-SUM($E52:Q52))/R52,IF(SUM($E52:S52)>=AE52/2,70+5*(AE52/2-SUM($E52:R52))/S52,IF(SUM($E52:T52)>=AE52/2,75+5*(AE52/2-SUM($E52:S52))/T52,"")))))))))))))))) | AL52: =SUM(H52:Q52) | AM52: 0.134 | AN52: 0.173 | AO52: =IF(AND(ISNUMBER(AN52),ISNUMBER(AM52)),(AN52-AM52)*100,"") | AP52: =IF(ISNUMBER(AN52),AN52*AL52,"") | AQ52: =IF(ISNUMBER(AN52),AL52,0) | AR52: 0.163 | AS52: population | AT52: 12+ | AU52: 1 | AV52: =G52*0.6+H52+I52+J52+K52+L52+M52+N52+O52+P52+Q52+R52+S52+T52+U52 | AX52: =IF(ISNUMBER(AW52),AW52,AR52*AU52*AV52) | AY52: =AX52/AV52 | AZ52: A | BA52: Yes | BB52: =IF(BA52="Yes",AX52,0) | BC52: =IF(AND(BA52="Yes",ISNUMBER(AP52)),AP52,0) | BD52: =IF(BA52="Yes",AX52,IF(ISNUMBER(AP52),AP52,0)) | BE52: Used AI tools (ChatGPT, Copilot, Gemini, etc.); share of all people aged 12+ | BF52: End of 2025 | BG52: OSIPTEL (telecoms regulator): Residential Telecommunications Services Survey (ERESTEL) 2025 | BH52: https://www.gob.pe/institucion/osiptel/noticias/1399737
A53: MDG | B53: Madagascar | C53: Sub-Saharan Africa | D53: Low income | E53: 4717036 | F53: 4227027 | G53: 3804391 | H53: 3488560 | I53: 3087447 | J53: 2777911 | K53: 2263383 | L53: 1823901 | M53: 1545896 | N53: 1320372 | O53: 1075039 | P53: 828954 | Q53: 643708 | R53: 493733 | S53: 342650 | T53: 178831 | U53: 121838 | V53: 16318886 | W53: 16421791 | X53: =SUM(E53:G53) | Y53: =SUM(H53:I53) | Z53: =SUM(J53:K53) | AA53: =SUM(L53:M53) | AB53: =SUM(N53:O53) | AC53: =SUM(P53:Q53) | AD53: =SUM(R53:U53) | AE53: =SUM(X53:AD53) | AF53: =AE53/SUM($AE$5:$AE$222) | AG53: =RANK(AE53,$AE$5:$AE$222) | AH53: 31964956 | AI53: =IF(AH53>0,AE53/AH53-1,"") | AJ53: 599 | AK53: =IF(SUM($E53:E53)>=AE53/2,0+5*(AE53/2-0)/E53,IF(SUM($E53:F53)>=AE53/2,5+5*(AE53/2-SUM($E53:E53))/F53,IF(SUM($E53:G53)>=AE53/2,10+5*(AE53/2-SUM($E53:F53))/G53,IF(SUM($E53:H53)>=AE53/2,15+5*(AE53/2-SUM($E53:G53))/H53,IF(SUM($E53:I53)>=AE53/2,20+5*(AE53/2-SUM($E53:H53))/I53,IF(SUM($E53:J53)>=AE53/2,25+5*(AE53/2-SUM($E53:I53))/J53,IF(SUM($E53:K53)>=AE53/2,30+5*(AE53/2-SUM($E53:J53))/K53,IF(SUM($E53:L53)>=AE53/2,35+5*(AE53/2-SUM($E53:K53))/L53,IF(SUM($E53:M53)>=AE53/2,40+5*(AE53/2-SUM($E53:L53))/M53,IF(SUM($E53:N53)>=AE53/2,45+5*(AE53/2-SUM($E53:M53))/N53,IF(SUM($E53:O53)>=AE53/2,50+5*(AE53/2-SUM($E53:N53))/O53,IF(SUM($E53:P53)>=AE53/2,55+5*(AE53/2-SUM($E53:O53))/P53,IF(SUM($E53:Q53)>=AE53/2,60+5*(AE53/2-SUM($E53:P53))/Q53,IF(SUM($E53:R53)>=AE53/2,65+5*(AE53/2-SUM($E53:Q53))/R53,IF(SUM($E53:S53)>=AE53/2,70+5*(AE53/2-SUM($E53:R53))/S53,IF(SUM($E53:T53)>=AE53/2,75+5*(AE53/2-SUM($E53:S53))/T53,"")))))))))))))))) | AL53: =SUM(H53:Q53) | AM53: 0.089 | AN53: 0.114 | AO53: =IF(AND(ISNUMBER(AN53),ISNUMBER(AM53)),(AN53-AM53)*100,"") | AP53: =IF(ISNUMBER(AN53),AN53*AL53,"") | AQ53: =IF(ISNUMBER(AN53),AL53,0) | BB53: =IF(BA53="Yes",AX53,0) | BC53: =IF(AND(BA53="Yes",ISNUMBER(AP53)),AP53,0) | BD53: =IF(BA53="Yes",AX53,IF(ISNUMBER(AP53),AP53,0))
A54: CIV | B54: Cote d'Ivoire | C54: Sub-Saharan Africa | D54: Lower middle income | E54: 4684557 | F54: 4475574 | G54: 4073455 | H54: 3553342 | I54: 2892760 | J54: 2375926 | K54: 2175293 | L54: 2068588 | M54: 1798784 | N54: 1411558 | O54: 1030432 | P54: 750730 | Q54: 552560 | R54: 380469 | S54: 239055 | T54: 138523 | U54: 109940 | V54: 16083182 | W54: 16628364 | X54: =SUM(E54:G54) | Y54: =SUM(H54:I54) | Z54: =SUM(J54:K54) | AA54: =SUM(L54:M54) | AB54: =SUM(N54:O54) | AC54: =SUM(P54:Q54) | AD54: =SUM(R54:U54) | AE54: =SUM(X54:AD54) | AF54: =AE54/SUM($AE$5:$AE$222) | AG54: =RANK(AE54,$AE$5:$AE$222) | AH54: 31934230 | AI54: =IF(AH54>0,AE54/AH54-1,"") | AJ54: 3050 | AK54: =IF(SUM($E54:E54)>=AE54/2,0+5*(AE54/2-0)/E54,IF(SUM($E54:F54)>=AE54/2,5+5*(AE54/2-SUM($E54:E54))/F54,IF(SUM($E54:G54)>=AE54/2,10+5*(AE54/2-SUM($E54:F54))/G54,IF(SUM($E54:H54)>=AE54/2,15+5*(AE54/2-SUM($E54:G54))/H54,IF(SUM($E54:I54)>=AE54/2,20+5*(AE54/2-SUM($E54:H54))/I54,IF(SUM($E54:J54)>=AE54/2,25+5*(AE54/2-SUM($E54:I54))/J54,IF(SUM($E54:K54)>=AE54/2,30+5*(AE54/2-SUM($E54:J54))/K54,IF(SUM($E54:L54)>=AE54/2,35+5*(AE54/2-SUM($E54:K54))/L54,IF(SUM($E54:M54)>=AE54/2,40+5*(AE54/2-SUM($E54:L54))/M54,IF(SUM($E54:N54)>=AE54/2,45+5*(AE54/2-SUM($E54:M54))/N54,IF(SUM($E54:O54)>=AE54/2,50+5*(AE54/2-SUM($E54:N54))/O54,IF(SUM($E54:P54)>=AE54/2,55+5*(AE54/2-SUM($E54:O54))/P54,IF(SUM($E54:Q54)>=AE54/2,60+5*(AE54/2-SUM($E54:P54))/Q54,IF(SUM($E54:R54)>=AE54/2,65+5*(AE54/2-SUM($E54:Q54))/R54,IF(SUM($E54:S54)>=AE54/2,70+5*(AE54/2-SUM($E54:R54))/S54,IF(SUM($E54:T54)>=AE54/2,75+5*(AE54/2-SUM($E54:S54))/T54,"")))))))))))))))) | AL54: =SUM(H54:Q54) | AM54: 0.108 | AN54: 0.137 | AO54: =IF(AND(ISNUMBER(AN54),ISNUMBER(AM54)),(AN54-AM54)*100,"") | AP54: =IF(ISNUMBER(AN54),AN54*AL54,"") | AQ54: =IF(ISNUMBER(AN54),AL54,0) | BB54: =IF(BA54="Yes",AX54,0) | BC54: =IF(AND(BA54="Yes",ISNUMBER(AP54)),AP54,0) | BD54: =IF(BA54="Yes",AX54,IF(ISNUMBER(AP54),AP54,0))
A55: CMR | B55: Cameroon | C55: Sub-Saharan Africa | D55: Lower middle income | E55: 4497816 | F55: 4147179 | G55: 3640612 | H55: 3231484 | I55: 2719357 | J55: 2306421 | K55: 2045751 | L55: 1767045 | M55: 1456692 | N55: 1152155 | O55: 900180 | P55: 676549 | Q55: 496221 | R55: 361102 | S55: 238169 | T55: 138363 | U55: 104244 | V55: 14989112 | W55: 14890228 | X55: =SUM(E55:G55) | Y55: =SUM(H55:I55) | Z55: =SUM(J55:K55) | AA55: =SUM(L55:M55) | AB55: =SUM(N55:O55) | AC55: =SUM(P55:Q55) | AD55: =SUM(R55:U55) | AE55: =SUM(X55:AD55) | AF55: =AE55/SUM($AE$5:$AE$222) | AG55: =RANK(AE55,$AE$5:$AE$222) | AH55: 29123744 | AI55: =IF(AH55>0,AE55/AH55-1,"") | AJ55: 1972 | AK55: =IF(SUM($E55:E55)>=AE55/2,0+5*(AE55/2-0)/E55,IF(SUM($E55:F55)>=AE55/2,5+5*(AE55/2-SUM($E55:E55))/F55,IF(SUM($E55:G55)>=AE55/2,10+5*(AE55/2-SUM($E55:F55))/G55,IF(SUM($E55:H55)>=AE55/2,15+5*(AE55/2-SUM($E55:G55))/H55,IF(SUM($E55:I55)>=AE55/2,20+5*(AE55/2-SUM($E55:H55))/I55,IF(SUM($E55:J55)>=AE55/2,25+5*(AE55/2-SUM($E55:I55))/J55,IF(SUM($E55:K55)>=AE55/2,30+5*(AE55/2-SUM($E55:J55))/K55,IF(SUM($E55:L55)>=AE55/2,35+5*(AE55/2-SUM($E55:K55))/L55,IF(SUM($E55:M55)>=AE55/2,40+5*(AE55/2-SUM($E55:L55))/M55,IF(SUM($E55:N55)>=AE55/2,45+5*(AE55/2-SUM($E55:M55))/N55,IF(SUM($E55:O55)>=AE55/2,50+5*(AE55/2-SUM($E55:N55))/O55,IF(SUM($E55:P55)>=AE55/2,55+5*(AE55/2-SUM($E55:O55))/P55,IF(SUM($E55:Q55)>=AE55/2,60+5*(AE55/2-SUM($E55:P55))/Q55,IF(SUM($E55:R55)>=AE55/2,65+5*(AE55/2-SUM($E55:Q55))/R55,IF(SUM($E55:S55)>=AE55/2,70+5*(AE55/2-SUM($E55:R55))/S55,IF(SUM($E55:T55)>=AE55/2,75+5*(AE55/2-SUM($E55:S55))/T55,"")))))))))))))))) | AL55: =SUM(H55:Q55) | AM55: 0.07 | AN55: 0.091 | AO55: =IF(AND(ISNUMBER(AN55),ISNUMBER(AM55)),(AN55-AM55)*100,"") | AP55: =IF(ISNUMBER(AN55),AN55*AL55,"") | AQ55: =IF(ISNUMBER(AN55),AL55,0) | BB55: =IF(BA55="Yes",AX55,0) | BC55: =IF(AND(BA55="Yes",ISNUMBER(AP55)),AP55,0) | BD55: =IF(BA55="Yes",AX55,IF(ISNUMBER(AP55),AP55,0))
A56: NPL | B56: Nepal | C56: South Asia | D56: Lower middle income | E56: 2717881 | F56: 2750942 | G56: 2839644 | H56: 2898715 | I56: 2863114 | J56: 2644652 | K56: 2295115 | L56: 1968407 | M56: 1774607 | N56: 1528953 | O56: 1349838 | P56: 1101136 | Q56: 923155 | R56: 753979 | S56: 570728 | T56: 371369 | U56: 265885 | V56: 15487911 | W56: 14130209 | X56: =SUM(E56:G56) | Y56: =SUM(H56:I56) | Z56: =SUM(J56:K56) | AA56: =SUM(L56:M56) | AB56: =SUM(N56:O56) | AC56: =SUM(P56:Q56) | AD56: =SUM(R56:U56) | AE56: =SUM(X56:AD56) | AF56: =AE56/SUM($AE$5:$AE$222) | AG56: =RANK(AE56,$AE$5:$AE$222) | AH56: 29651054 | AI56: =IF(AH56>0,AE56/AH56-1,"") | AJ56: 1536 | AK56: =IF(SUM($E56:E56)>=AE56/2,0+5*(AE56/2-0)/E56,IF(SUM($E56:F56)>=AE56/2,5+5*(AE56/2-SUM($E56:E56))/F56,IF(SUM($E56:G56)>=AE56/2,10+5*(AE56/2-SUM($E56:F56))/G56,IF(SUM($E56:H56)>=AE56/2,15+5*(AE56/2-SUM($E56:G56))/H56,IF(SUM($E56:I56)>=AE56/2,20+5*(AE56/2-SUM($E56:H56))/I56,IF(SUM($E56:J56)>=AE56/2,25+5*(AE56/2-SUM($E56:I56))/J56,IF(SUM($E56:K56)>=AE56/2,30+5*(AE56/2-SUM($E56:J56))/K56,IF(SUM($E56:L56)>=AE56/2,35+5*(AE56/2-SUM($E56:K56))/L56,IF(SUM($E56:M56)>=AE56/2,40+5*(AE56/2-SUM($E56:L56))/M56,IF(SUM($E56:N56)>=AE56/2,45+5*(AE56/2-SUM($E56:M56))/N56,IF(SUM($E56:O56)>=AE56/2,50+5*(AE56/2-SUM($E56:N56))/O56,IF(SUM($E56:P56)>=AE56/2,55+5*(AE56/2-SUM($E56:O56))/P56,IF(SUM($E56:Q56)>=AE56/2,60+5*(AE56/2-SUM($E56:P56))/Q56,IF(SUM($E56:R56)>=AE56/2,65+5*(AE56/2-SUM($E56:Q56))/R56,IF(SUM($E56:S56)>=AE56/2,70+5*(AE56/2-SUM($E56:R56))/S56,IF(SUM($E56:T56)>=AE56/2,75+5*(AE56/2-SUM($E56:S56))/T56,"")))))))))))))))) | AL56: =SUM(H56:Q56) | AM56: 0.123 | AN56: 0.146 | AO56: =IF(AND(ISNUMBER(AN56),ISNUMBER(AM56)),(AN56-AM56)*100,"") | AP56: =IF(ISNUMBER(AN56),AN56*AL56,"") | AQ56: =IF(ISNUMBER(AN56),AL56,0) | BB56: =IF(BA56="Yes",AX56,0) | BC56: =IF(AND(BA56="Yes",ISNUMBER(AP56)),AP56,0) | BD56: =IF(BA56="Yes",AX56,IF(ISNUMBER(AP56),AP56,0))
A57: VEN | B57: Venezuela, RB | C57: Latin America & Caribbean | D57: Lower middle income | E57: 2079904 | F57: 2336553 | G57: 2688812 | H57: 2743062 | I57: 2399774 | J57: 1876897 | K57: 1728205 | L57: 1799037 | M57: 1792536 | N57: 1755658 | O57: 1629011 | P57: 1507117 | Q57: 1323439 | R57: 1089374 | S57: 782479 | T57: 517317 | U57: 467726 | V57: 14433913 | W57: 14082988 | X57: =SUM(E57:G57) | Y57: =SUM(H57:I57) | Z57: =SUM(J57:K57) | AA57: =SUM(L57:M57) | AB57: =SUM(N57:O57) | AC57: =SUM(P57:Q57) | AD57: =SUM(R57:U57) | AE57: =SUM(X57:AD57) | AF57: =AE57/SUM($AE$5:$AE$222) | AG57: =RANK(AE57,$AE$5:$AE$222) | AH57: 28405543 | AI57: =IF(AH57>0,AE57/AH57-1,"") | AJ57: 3495 | AK57: =IF(SUM($E57:E57)>=AE57/2,0+5*(AE57/2-0)/E57,IF(SUM($E57:F57)>=AE57/2,5+5*(AE57/2-SUM($E57:E57))/F57,IF(SUM($E57:G57)>=AE57/2,10+5*(AE57/2-SUM($E57:F57))/G57,IF(SUM($E57:H57)>=AE57/2,15+5*(AE57/2-SUM($E57:G57))/H57,IF(SUM($E57:I57)>=AE57/2,20+5*(AE57/2-SUM($E57:H57))/I57,IF(SUM($E57:J57)>=AE57/2,25+5*(AE57/2-SUM($E57:I57))/J57,IF(SUM($E57:K57)>=AE57/2,30+5*(AE57/2-SUM($E57:J57))/K57,IF(SUM($E57:L57)>=AE57/2,35+5*(AE57/2-SUM($E57:K57))/L57,IF(SUM($E57:M57)>=AE57/2,40+5*(AE57/2-SUM($E57:L57))/M57,IF(SUM($E57:N57)>=AE57/2,45+5*(AE57/2-SUM($E57:M57))/N57,IF(SUM($E57:O57)>=AE57/2,50+5*(AE57/2-SUM($E57:N57))/O57,IF(SUM($E57:P57)>=AE57/2,55+5*(AE57/2-SUM($E57:O57))/P57,IF(SUM($E57:Q57)>=AE57/2,60+5*(AE57/2-SUM($E57:P57))/Q57,IF(SUM($E57:R57)>=AE57/2,65+5*(AE57/2-SUM($E57:Q57))/R57,IF(SUM($E57:S57)>=AE57/2,70+5*(AE57/2-SUM($E57:R57))/S57,IF(SUM($E57:T57)>=AE57/2,75+5*(AE57/2-SUM($E57:S57))/T57,"")))))))))))))))) | AL57: =SUM(H57:Q57) | AM57: 0.083 | AN57: 0.113 | AO57: =IF(AND(ISNUMBER(AN57),ISNUMBER(AM57)),(AN57-AM57)*100,"") | AP57: =IF(ISNUMBER(AN57),AN57*AL57,"") | AQ57: =IF(ISNUMBER(AN57),AL57,0) | BB57: =IF(BA57="Yes",AX57,0) | BC57: =IF(AND(BA57="Yes",ISNUMBER(AP57)),AP57,0) | BD57: =IF(BA57="Yes",AX57,IF(ISNUMBER(AP57),AP57,0))
A58: NER | B58: Niger | C58: Sub-Saharan Africa | D58: Low income | E58: 4904082 | F58: 4245516 | G58: 3755801 | H58: 3178935 | I58: 2583591 | J58: 2048649 | K58: 1593890 | L58: 1273558 | M58: 1056879 | N58: 859807 | O58: 687301 | P58: 556771 | Q58: 442164 | R58: 325324 | S58: 216111 | T58: 120109 | U58: 69345 | V58: 13742978 | W58: 14174855 | X58: =SUM(E58:G58) | Y58: =SUM(H58:I58) | Z58: =SUM(J58:K58) | AA58: =SUM(L58:M58) | AB58: =SUM(N58:O58) | AC58: =SUM(P58:Q58) | AD58: =SUM(R58:U58) | AE58: =SUM(X58:AD58) | AF58: =AE58/SUM($AE$5:$AE$222) | AG58: =RANK(AE58,$AE$5:$AE$222) | AH58: 27032412 | AI58: =IF(AH58>0,AE58/AH58-1,"") | AJ58: 775 | AK58: =IF(SUM($E58:E58)>=AE58/2,0+5*(AE58/2-0)/E58,IF(SUM($E58:F58)>=AE58/2,5+5*(AE58/2-SUM($E58:E58))/F58,IF(SUM($E58:G58)>=AE58/2,10+5*(AE58/2-SUM($E58:F58))/G58,IF(SUM($E58:H58)>=AE58/2,15+5*(AE58/2-SUM($E58:G58))/H58,IF(SUM($E58:I58)>=AE58/2,20+5*(AE58/2-SUM($E58:H58))/I58,IF(SUM($E58:J58)>=AE58/2,25+5*(AE58/2-SUM($E58:I58))/J58,IF(SUM($E58:K58)>=AE58/2,30+5*(AE58/2-SUM($E58:J58))/K58,IF(SUM($E58:L58)>=AE58/2,35+5*(AE58/2-SUM($E58:K58))/L58,IF(SUM($E58:M58)>=AE58/2,40+5*(AE58/2-SUM($E58:L58))/M58,IF(SUM($E58:N58)>=AE58/2,45+5*(AE58/2-SUM($E58:M58))/N58,IF(SUM($E58:O58)>=AE58/2,50+5*(AE58/2-SUM($E58:N58))/O58,IF(SUM($E58:P58)>=AE58/2,55+5*(AE58/2-SUM($E58:O58))/P58,IF(SUM($E58:Q58)>=AE58/2,60+5*(AE58/2-SUM($E58:P58))/Q58,IF(SUM($E58:R58)>=AE58/2,65+5*(AE58/2-SUM($E58:Q58))/R58,IF(SUM($E58:S58)>=AE58/2,70+5*(AE58/2-SUM($E58:R58))/S58,IF(SUM($E58:T58)>=AE58/2,75+5*(AE58/2-SUM($E58:S58))/T58,"")))))))))))))))) | AL58: =SUM(H58:Q58) | AM58: 0.087 | AN58: 0.104 | AO58: =IF(AND(ISNUMBER(AN58),ISNUMBER(AM58)),(AN58-AM58)*100,"") | AP58: =IF(ISNUMBER(AN58),AN58*AL58,"") | AQ58: =IF(ISNUMBER(AN58),AL58,0) | BB58: =IF(BA58="Yes",AX58,0) | BC58: =IF(AND(BA58="Yes",ISNUMBER(AP58)),AP58,0) | BD58: =IF(BA58="Yes",AX58,IF(ISNUMBER(AP58),AP58,0))
